ProductNo,Price,Product Category
22485,21.47,Clothing
22596,10.65,Electronics
23235,11.53,Clothing
23272,10.65,Beauty
23239,11.94,Clothing
21705,10.65,Electronics
22118,11.53,Beauty
22119,12.25,Electronics
22217,10.65,Clothing
22216,10.55,Electronics
22380,11.06,Electronics
22442,12.25,Beauty
22664,11.06,Beauty
22721,12.25,Beauty
22723,11.53,Beauty
22785,11.53,Clothing
22955,11.06,Electronics
23141,11.06,Electronics
22956,11.06,Clothing
22581,10.55,Clothing
23198,11.53,Electronics
23197,11.74,Clothing
23184,15.32,Clothing
23168,11.53,Clothing
23167,10.96,Beauty
23166,11.32,Beauty
23165,11.74,Beauty
23004,10.68,Beauty
23002,10.68,Clothing
23000,10.68,Electronics
22998,10.68,Beauty
22994,10.68,Electronics
22835,15.32,Clothing
22730,14.09,Clothing
22728,14.09,Beauty
22727,14.09,Clothing
22726,14.09,Beauty
22720,14.61,Clothing
22693,11.34,Electronics
22670,11.53,Beauty
22667,12.86,Clothing
22666,12.86,Clothing
22631,12.25,Clothing
22628,15.32,Beauty
22467,12.86,Electronics
22197,10.99,Clothing
22114,14.61,Electronics
22112,15.32,Electronics
21908,12.4,Electronics
21874,11.74,Clothing
21872,11.53,Beauty
21871,11.74,Electronics
21533,15.32,Beauty
21481,14.09,Clothing
21479,14.61,Beauty
21248,11.74,Clothing
21216,14.61,Electronics
21181,12.15,Beauty
21175,12.38,Clothing
21169,11.74,Electronics
21162,10.65,Clothing
21159,10.65,Electronics
21158,10.65,Clothing
21154,11.53,Clothing
16016,11.12,Beauty
16014,10.68,Electronics
16008,10.37,Clothing
85152,12.15,Clothing
84596F,10.68,Electronics
84596B,10.68,Clothing
84510A,11.53,Electronics
82600,12.15,Electronics
82581,10.81,Electronics
72232,10.44,Electronics
47559B,11.53,Electronics
47504H,11.06,Beauty
23493,12.25,Electronics
23430,18.6,Clothing
23429,18.6,Electronics
23428,18.6,Electronics
23358,11.53,Beauty
23293,11.1,Beauty
23243,15.32,Clothing
23240,14.5,Beauty
48111,17.51,Beauty
22464,11.06,Clothing
20982,11.12,Electronics
20981,11.12,Beauty
23424,15.32,Beauty
23338,12.15,Clothing
84970L,11.53,Clothing
22457,13.27,Beauty
22469,11.94,Beauty
22909,11.12,Electronics
84947,11.53,Clothing
23503,11.53,Beauty
23445,11.1,Beauty
23530,15.32,Beauty
84997C,14.5,Electronics
84997D,14.5,Electronics
84077,10.55,Clothing
22749,14.09,Beauty
23127,15.32,Beauty
23126,15.32,Electronics
22747,12.4,Beauty
22078,12.4,Electronics
84946,11.53,Beauty
22791,11.53,Electronics
21326,10.92,Clothing
22170,17.17,Electronics
23082,14.09,Beauty
22087,13.27,Electronics
23464,15.32,Beauty
22411,12.38,Clothing
84029E,14.61,Clothing
22633,12.4,Clothing
23355,15.32,Electronics
84029G,14.61,Clothing
84347,12.86,Beauty
21115,12.25,Beauty
22059,10.65,Clothing
22072,11.53,Clothing
22123,11.06,Beauty
22476,12.25,Electronics
22495,11.06,Clothing
22496,11.06,Electronics
22513,11.06,Beauty
22500,11.53,Electronics
23178,11.53,Beauty
23302,11.06,Electronics
23533,12.25,Beauty
84819,11.06,Electronics
22371,14.3,Clothing
21875,11.34,Beauty
23251,11.32,Electronics
23300,11.74,Beauty
22138,14.61,Electronics
23843,12.38,Beauty
22617,15.32,Electronics
20749,16.76,Beauty
22910,13.27,Beauty
22086,13.27,Clothing
23351,6.19,Electronics
23352,6.19,Beauty
22491,6.04,Electronics
22561,6.04,Clothing
22489,6.04,Clothing
22560,6.04,Electronics
22139,6.04,Beauty
23344,6.19,Electronics
23203,6.19,Clothing
85099B,6.19,Electronics
23201,6.19,Electronics
23207,6.19,Beauty
21137,6.04,Beauty
23118,6.04,Clothing
23111,6.04,Electronics
22179,6.04,Beauty
22061,7.24,Clothing
22182,7.24,Clothing
23571,7.24,Electronics
23369,6.19,Beauty
23370,6.19,Clothing
23371,6.19,Beauty
23372,6.19,Electronics
23376,6.19,Clothing
23377,6.19,Clothing
23378,6.19,Electronics
23379,6.19,Clothing
23380,6.19,Beauty
23381,6.19,Electronics
23382,6.19,Electronics
23391,6.19,Clothing
23392,6.19,Clothing
23399,6.19,Clothing
23405,6.19,Electronics
23418,6.19,Clothing
23426,6.19,Clothing
23434,6.19,Electronics
23435,6.04,Electronics
23439,6.19,Beauty
23451,6.19,Electronics
23467,6.19,Clothing
23469,6.19,Electronics
23480,6.19,Clothing
23494,6.19,Clothing
23495,6.19,Clothing
23497,6.19,Clothing
23498,6.19,Clothing
23501,6.19,Beauty
23506,6.04,Clothing
23508,6.04,Clothing
23510,6.04,Electronics
23521,6.04,Clothing
23526,6.04,Beauty
23534,6.19,Clothing
23535,6.19,Electronics
23536,6.19,Electronics
23538,6.19,Electronics
23551,6.19,Beauty
23552,6.19,Clothing
23555,6.19,Beauty
23559,6.19,Electronics
23561,6.19,Beauty
23564,6.19,Electronics
23565,6.19,Beauty
23567,6.19,Electronics
23569,6.19,Clothing
23570,6.19,Electronics
23575,6.19,Beauty
23579,6.19,Electronics
23611,6.19,Clothing
23616,6.19,Clothing
23621,6.19,Clothing
23635,6.19,Electronics
23644,6.19,Clothing
23660,6.19,Clothing
23661,6.19,Beauty
35095A,6.19,Beauty
35095B,6.19,Clothing
35646,6.19,Electronics
35648,6.19,Clothing
35953,6.19,Electronics
35964,6.19,Electronics
35970,6.04,Clothing
46118,6.19,Beauty
46776A,7.24,Clothing
46776B,7.24,Clothing
46776C,7.24,Beauty
46776D,7.24,Beauty
46776E,7.24,Beauty
46776F,7.24,Beauty
47310M,6.19,Beauty
47480,6.19,Clothing
47563A,7.24,Clothing
47566,7.24,Beauty
47590B,7.24,Clothing
51014A,7.24,Electronics
51014L,7.24,Electronics
71270,7.24,Clothing
72349B,6.39,Beauty
72741,7.24,Electronics
72800E,7.24,Beauty
79321,6.19,Beauty
82484,6.19,Beauty
82567,6.19,Electronics
82582,6.19,Electronics
84031A,6.19,Electronics
84249A,6.19,Electronics
84375,6.19,Clothing
84378,6.19,Electronics
84519B,6.19,Clothing
84559A,6.19,Beauty
84568,6.19,Clothing
84569D,6.19,Electronics
84598,6.19,Electronics
84692,6.19,Electronics
84755,6.19,Beauty
84828,6.19,Clothing
84879,6.19,Clothing
84923,6.04,Beauty
84970S,6.04,Electronics
84978,6.04,Electronics
84991,6.04,Beauty
84997A,6.04,Clothing
84997B,6.04,Beauty
20733,6.04,Clothing
20777,6.19,Clothing
20782,6.19,Clothing
20914,6.19,Clothing
20931,6.19,Beauty
20970,6.19,Electronics
20971,6.19,Beauty
20972,6.19,Electronics
20973,6.19,Electronics
20978,6.19,Beauty
20979,6.19,Clothing
20983,6.19,Beauty
20985,6.19,Electronics
20986,6.19,Beauty
21000,6.19,Beauty
21012,6.19,Clothing
21015,6.19,Clothing
21026,6.19,Electronics
21035,6.19,Electronics
21064,6.19,Clothing
21065,6.19,Beauty
21098,6.19,Beauty
21123,6.19,Clothing
21125,6.19,Beauty
21126,6.19,Beauty
21166,6.19,Electronics
21172,6.19,Clothing
21174,6.19,Beauty
21200,6.04,Electronics
21201,6.04,Clothing
21212,6.04,Electronics
21213,6.04,Clothing
21220,6.19,Beauty
21224,6.19,Clothing
21232,6.19,Beauty
21257,6.19,Beauty
21258,6.19,Clothing
21259,6.19,Beauty
21313,6.19,Electronics
21314,6.19,Electronics
21328,6.19,Clothing
21329,6.19,Electronics
21356,6.19,Clothing
21378,6.19,Beauty
21379,6.19,Clothing
21383,6.19,Beauty
21402,6.19,Electronics
21408,6.19,Electronics
21411,6.19,Beauty
21467,6.19,Beauty
21471,6.19,Beauty
21484,6.19,Beauty
21485,6.19,Clothing
21494,6.19,Beauty
21506,6.19,Clothing
21507,7.24,Clothing
21508,7.24,Beauty
21509,7.24,Clothing
21528,7.24,Electronics
21544,7.24,Electronics
21558,6.39,Electronics
21559,7.24,Clothing
21615,7.24,Clothing
21616,7.24,Clothing
21620,7.24,Electronics
21642,7.24,Electronics
21648,7.24,Beauty
21650,7.24,Electronics
21675,6.19,Electronics
21677,6.19,Clothing
21678,6.19,Electronics
21680,6.19,Electronics
21703,6.19,Clothing
21704,6.19,Beauty
21716,6.19,Beauty
21718,6.19,Clothing
21724,6.19,Clothing
21731,6.19,Electronics
21739,6.19,Clothing
21774,6.19,Beauty
21786,6.19,Electronics
21787,6.19,Electronics
21790,6.19,Clothing
21791,6.19,Beauty
21808,6.19,Electronics
21810,6.19,Beauty
21812,6.19,Clothing
21813,6.19,Electronics
21822,6.19,Clothing
21828,6.19,Electronics
21832,6.19,Clothing
21833,6.04,Clothing
21876,6.19,Beauty
21879,6.19,Electronics
21889,6.19,Beauty
21890,6.19,Beauty
21892,6.19,Beauty
21900,6.19,Beauty
21901,6.19,Beauty
21902,6.19,Clothing
21905,6.19,Beauty
21906,6.19,Electronics
21914,6.19,Clothing
21916,6.19,Beauty
21930,6.19,Beauty
21931,6.19,Electronics
21932,6.19,Electronics
21934,6.19,Clothing
21935,6.19,Clothing
21936,6.19,Clothing
21942,6.19,Beauty
21945,6.19,Electronics
21947,6.19,Beauty
21949,6.19,Clothing
21967,6.19,Clothing
21976,6.19,Clothing
21977,6.19,Beauty
21980,6.19,Beauty
21981,6.19,Beauty
21982,6.19,Beauty
21983,6.19,Beauty
21984,6.19,Electronics
21986,6.19,Electronics
21989,6.19,Clothing
21990,6.19,Clothing
21993,6.19,Beauty
22024,6.19,Clothing
22025,6.19,Clothing
22026,6.19,Beauty
22027,6.19,Electronics
22028,6.19,Beauty
22029,6.19,Beauty
22031,6.19,Electronics
22037,6.19,Beauty
22064,6.19,Electronics
22065,6.19,Electronics
22068,6.19,Clothing
22070,6.19,Clothing
22071,6.19,Clothing
22074,6.19,Electronics
22075,6.19,Electronics
22076,6.19,Beauty
22083,6.19,Electronics
22085,6.19,Electronics
22091,6.19,Electronics
22099,6.19,Beauty
22104,6.19,Clothing
22106,6.19,Clothing
22107,6.19,Electronics
22108,6.04,Clothing
22109,6.04,Clothing
22110,6.04,Electronics
22111,6.19,Clothing
22116,6.19,Clothing
22121,6.19,Electronics
22124,6.19,Clothing
22129,6.19,Electronics
22134,6.19,Clothing
15036,6.19,Beauty
15039,6.19,Clothing
15058C,6.19,Beauty
16218,6.19,Electronics
16225,6.19,Beauty
16235,6.19,Clothing
16237,6.19,Electronics
17038,6.19,Beauty
17084N,6.19,Electronics
20659,6.19,Clothing
20665,6.19,Electronics
20668,6.19,Clothing
20718,6.19,Electronics
20719,6.19,Clothing
20723,6.19,Beauty
20724,6.19,Electronics
22135,6.19,Clothing
22141,6.19,Electronics
22150,7.24,Electronics
22153,7.24,Electronics
22154,7.24,Electronics
22155,7.24,Electronics
22156,7.24,Electronics
22163,7.24,Electronics
22165,7.24,Electronics
22167,7.24,Electronics
22173,7.24,Electronics
22174,6.19,Beauty
22178,6.19,Beauty
22186,7.24,Clothing
22190,7.24,Beauty
22193,7.24,Beauty
22195,7.24,Clothing
22196,7.24,Electronics
22199,7.24,Beauty
22209,7.24,Clothing
22212,7.24,Beauty
22219,7.24,Clothing
22224,7.24,Clothing
22227,7.24,Clothing
22260,6.39,Beauty
22261,7.24,Beauty
22264,7.24,Electronics
22273,7.24,Electronics
22277,7.24,Clothing
22279,7.24,Electronics
22280,7.24,Electronics
22300,7.24,Clothing
22301,7.24,Clothing
22307,7.24,Clothing
22308,7.24,Electronics
22309,7.24,Clothing
22324,7.24,Beauty
22326,7.24,Electronics
22327,7.24,Beauty
22329,6.19,Beauty
22338,6.19,Electronics
22340,6.19,Beauty
22342,6.19,Clothing
22348,6.19,Beauty
22355,6.19,Electronics
22356,6.19,Beauty
22357,6.19,Beauty
22358,6.19,Electronics
22361,6.19,Beauty
22362,6.19,Clothing
22367,6.19,Beauty
22372,6.19,Clothing
22374,6.19,Beauty
85014B,6.19,Electronics
85032C,6.19,Electronics
85038,6.19,Electronics
85039A,6.19,Beauty
85039B,6.19,Electronics
85040A,6.19,Clothing
85048,6.19,Beauty
85049C,6.19,Beauty
85049G,6.19,Clothing
85049H,6.19,Electronics
85053,6.19,Beauty
85059,6.19,Beauty
85066,6.19,Beauty
85094,6.19,Electronics
85114C,6.19,Beauty
85123A,6.19,Clothing
85131B,6.19,Clothing
85131D,6.19,Clothing
85168B,6.19,Beauty
85169C,6.19,Clothing
85170C,6.19,Beauty
85173,6.19,Electronics
85177,6.19,Clothing
85178,6.19,Clothing
85179A,6.19,Beauty
85199S,6.19,Beauty
85227,6.19,Electronics
90003C,6.19,Clothing
90003E,6.19,Clothing
90010A,6.04,Electronics
90013A,6.19,Beauty
90013C,6.19,Electronics
90014A,6.19,Clothing
90016B,6.19,Beauty
90018B,6.19,Beauty
90019B,6.19,Beauty
90027D,6.19,Electronics
90030B,6.19,Beauty
90055,6.19,Clothing
90059A,6.19,Clothing
90059D,6.19,Beauty
90059E,6.04,Beauty
90059F,6.19,Beauty
90072,6.19,Beauty
90086,6.19,Beauty
90120B,6.19,Electronics
90120C,6.19,Clothing
90130B,6.19,Beauty
90130C,6.19,Electronics
90134,6.19,Clothing
90138,6.19,Clothing
90141B,6.19,Clothing
90145,6.19,Clothing
90155,6.19,Electronics
90161D,6.19,Electronics
90163A,6.19,Clothing
90165B,6.19,Clothing
90168,6.19,Clothing
90169,6.19,Electronics
90170,6.19,Electronics
90174,6.19,Clothing
90175A,6.19,Beauty
90175D,6.19,Electronics
90177A,6.19,Clothing
90177C,6.19,Beauty
90181B,6.04,Clothing
90182C,6.19,Clothing
90183A,6.19,Clothing
90183C,6.19,Electronics
90184C,6.19,Clothing
90185B,6.19,Electronics
90188,6.19,Electronics
90191,6.19,Clothing
90192,6.19,Electronics
90198A,6.19,Beauty
90200A,6.19,Beauty
90201A,6.19,Beauty
90201B,6.19,Clothing
90201C,6.19,Beauty
90201D,6.19,Clothing
90202C,6.19,Electronics
90202D,6.19,Electronics
90206C,6.19,Electronics
90208,6.19,Clothing
90210A,6.19,Electronics
22378,6.19,Electronics
22379,6.19,Clothing
22396,6.19,Electronics
22418,6.19,Beauty
22419,6.19,Beauty
22420,6.19,Clothing
22421,6.19,Clothing
22422,6.19,Beauty
22437,7.24,Clothing
22441,7.24,Clothing
22446,7.24,Clothing
22466,7.24,Clothing
22478,7.24,Electronics
22486,7.24,Electronics
22488,7.24,Beauty
22540,7.24,Electronics
22544,7.24,Electronics
22549,7.24,Clothing
22551,7.24,Electronics
22553,7.24,Beauty
22554,7.24,Electronics
22555,7.24,Clothing
22557,7.24,Clothing
22558,7.24,Beauty
22565,7.24,Clothing
22566,7.24,Electronics
22571,7.24,Beauty
22573,6.39,Electronics
22574,7.24,Clothing
22576,7.24,Electronics
22577,7.24,Beauty
22578,7.24,Clothing
22580,7.24,Beauty
22585,7.24,Electronics
22586,7.24,Clothing
22589,7.24,Beauty
22591,7.24,Clothing
22592,7.24,Clothing
22593,6.39,Beauty
22594,7.24,Electronics
22597,7.24,Clothing
22598,7.24,Beauty
22599,6.19,Beauty
22600,6.19,Electronics
22601,6.19,Beauty
22602,6.19,Clothing
22608,6.19,Beauty
22614,6.19,Clothing
22615,6.19,Clothing
22616,6.19,Electronics
22619,6.19,Clothing
22620,6.19,Electronics
22621,6.19,Beauty
22629,6.19,Electronics
22630,6.19,Electronics
22632,6.19,Clothing
22634,6.19,Electronics
22650,6.19,Beauty
22651,6.19,Electronics
22653,6.19,Beauty
22654,6.19,Clothing
22659,6.19,Clothing
22694,6.19,Clothing
22697,6.19,Clothing
22699,6.19,Beauty
22701,6.19,Electronics
22703,6.19,Electronics
22712,6.19,Clothing
22713,6.19,Beauty
22714,6.19,Clothing
22716,6.19,Clothing
22717,6.19,Electronics
22725,6.19,Beauty
22741,6.19,Clothing
22745,6.19,Clothing
22748,6.19,Electronics
22751,6.19,Beauty
22753,6.19,Clothing
22754,6.19,Electronics
22757,6.19,Electronics
22758,6.19,Electronics
22763,6.19,Clothing
22768,6.19,Electronics
22776,6.19,Beauty
22795,6.19,Clothing
22798,6.19,Clothing
22800,6.19,Electronics
22809,6.19,Beauty
22811,6.19,Electronics
22814,6.19,Clothing
22815,6.19,Beauty
22816,6.19,Clothing
22817,6.19,Electronics
22818,7.24,Beauty
22819,7.24,Electronics
22865,7.24,Beauty
22866,7.24,Electronics
22867,7.24,Beauty
22881,7.24,Electronics
22885,7.24,Beauty
22888,7.24,Clothing
22890,7.24,Beauty
22898,7.24,Beauty
22899,7.24,Beauty
22900,7.24,Electronics
22905,7.24,Beauty
22907,6.39,Electronics
22914,7.24,Electronics
22922,7.24,Beauty
22924,7.24,Electronics
22928,7.24,Beauty
22940,6.19,Clothing
22941,6.19,Electronics
22943,6.19,Clothing
22948,6.19,Beauty
22951,6.19,Electronics
22952,6.19,Electronics
22960,6.19,Electronics
22961,6.19,Clothing
22962,6.19,Electronics
22963,6.19,Beauty
22964,6.19,Beauty
22965,6.19,Electronics
22966,6.19,Electronics
22969,6.19,Electronics
22975,6.19,Beauty
22976,6.19,Clothing
22977,6.19,Clothing
22979,6.19,Beauty
22980,6.19,Electronics
22982,6.19,Beauty
22983,6.19,Electronics
22984,6.19,Electronics
22988,6.19,Electronics
22989,6.19,Clothing
22992,6.19,Electronics
22993,6.19,Electronics
22995,6.19,Clothing
22996,6.19,Beauty
22997,6.19,Clothing
22999,6.19,Beauty
23005,6.19,Beauty
23007,6.19,Beauty
23009,6.19,Clothing
23012,6.19,Beauty
23013,6.19,Beauty
23014,6.19,Clothing
23050,6.19,Beauty
23051,6.19,Electronics
23052,6.19,Electronics
23053,6.19,Beauty
23054,6.19,Clothing
23074,6.19,Clothing
23076,6.19,Beauty
23077,6.19,Clothing
23083,6.19,Clothing
23084,6.19,Electronics
23088,6.19,Beauty
23089,6.19,Electronics
23093,6.19,Electronics
23103,6.19,Electronics
23110,6.19,Beauty
23112,6.19,Clothing
23158,6.19,Clothing
23171,6.19,Beauty
23172,6.19,Beauty
23173,6.19,Beauty
23175,6.19,Electronics
23177,6.19,Clothing
23183,6.19,Beauty
23188,6.19,Clothing
23191,6.19,Clothing
23194,6.19,Electronics
23196,6.19,Electronics
23204,6.19,Electronics
23205,6.19,Beauty
23212,6.19,Clothing
23213,6.19,Electronics
23220,6.19,Electronics
23224,6.19,Beauty
23229,6.19,Clothing
23234,6.19,Beauty
23241,6.19,Beauty
23245,6.19,Clothing
23247,6.19,Beauty
23264,6.19,Clothing
23265,6.19,Clothing
23266,6.19,Beauty
23274,6.19,Electronics
23275,6.19,Clothing
23280,6.19,Electronics
23284,6.19,Electronics
23285,6.19,Beauty
23287,6.19,Clothing
23290,6.19,Clothing
23292,6.19,Clothing
23294,6.19,Beauty
23295,6.19,Clothing
23298,6.19,Clothing
23299,6.19,Beauty
23301,6.19,Beauty
23307,6.19,Clothing
23308,6.19,Clothing
23309,6.19,Clothing
23310,6.19,Beauty
23311,6.19,Clothing
23312,6.19,Electronics
23313,6.19,Clothing
23314,6.19,Electronics
23319,6.19,Beauty
23322,6.19,Beauty
23323,6.19,Electronics
23328,6.19,Clothing
23332,6.19,Electronics
23334,6.19,Clothing
23336,6.19,Electronics
23340,6.19,Beauty
23345,6.19,Beauty
23347,6.19,Electronics
23349,6.19,Electronics
23353,6.19,Electronics
23354,6.19,Clothing
23357,6.19,Electronics
23365,6.19,Beauty
23366,6.04,Beauty
23367,6.04,Beauty
23368,6.19,Beauty
23581,6.19,Electronics
21928,6.19,Electronics
21929,6.19,Electronics
85099C,6.19,Clothing
23199,6.19,Clothing
23200,6.19,Beauty
23202,6.19,Electronics
23343,6.19,Electronics
23583,6.19,Electronics
20727,6.04,Beauty
20728,6.04,Beauty
20725,6.19,Electronics
20726,6.19,Clothing
22662,6.19,Beauty
23206,6.19,Clothing
23208,6.19,Electronics
23375,6.19,Electronics
23437,6.19,Electronics
22821,7.24,Clothing
79190B,7.24,Clothing
79190A,7.24,Clothing
22915,7.24,Electronics
22151,7.24,Beauty
71459,7.24,Clothing
84945,7.24,Clothing
21108,7.24,Electronics
22252,7.24,Beauty
22807,6.19,Beauty
22556,6.19,Beauty
22328,6.19,Electronics
10125,6.19,Electronics
23388,6.19,Clothing
23390,6.19,Electronics
23389,6.19,Electronics
22698,6.19,Electronics
15056N,6.19,Beauty
48138,6.19,Clothing
21523,6.19,Clothing
21877,6.19,Beauty
22423,6.19,Clothing
23598,6.19,Beauty
16169E,6.19,Clothing
23350,6.19,Beauty
22314,6.19,Electronics
22313,6.19,Electronics
20831,6.19,Clothing
21462,7.24,Electronics
22215,7.24,Beauty
22220,7.24,Electronics
22465,7.24,Beauty
22539,7.24,Beauty
23438,6.19,Beauty
21238,7.24,Beauty
21242,7.24,Beauty
21668,7.24,Electronics
21670,7.24,Electronics
21671,7.24,Electronics
21672,7.24,Beauty
21673,7.24,Electronics
21714,7.24,Electronics
22735,7.24,Clothing
22736,7.24,Beauty
22738,7.24,Electronics
22805,7.24,Clothing
22895,7.24,Beauty
22896,7.24,Clothing
23356,6.19,Electronics
82583,6.19,Beauty
22383,7.24,Clothing
20669,6.19,Clothing
20679,6.19,Clothing
20717,6.19,Beauty
20750,6.19,Beauty
20961,6.19,Clothing
20963,6.19,Clothing
21155,6.19,Electronics
21217,6.19,Electronics
21218,6.19,Beauty
21239,6.19,Clothing
21327,6.19,Clothing
21430,6.19,Beauty
21557,6.19,Beauty
21754,6.19,Electronics
21843,6.19,Beauty
21864,6.19,Beauty
21912,6.19,Electronics
21955,6.19,Beauty
21987,6.19,Beauty
22041,6.19,Clothing
22069,6.19,Electronics
22077,6.19,Beauty
22142,6.19,Clothing
22144,6.19,Electronics
22161,6.19,Electronics
22175,6.19,Electronics
22187,6.19,Beauty
22207,6.19,Beauty
22278,6.19,Clothing
22302,6.19,Beauty
22303,6.19,Electronics
22304,6.19,Clothing
22352,6.19,Clothing
22381,7.24,Clothing
22424,7.24,Beauty
22429,7.24,Beauty
22456,7.24,Clothing
22471,7.24,Beauty
22474,7.24,Clothing
22498,7.24,Electronics
22507,7.24,Electronics
22526,7.24,Electronics
22622,7.24,Electronics
22624,7.24,Electronics
22645,7.24,Electronics
22676,6.04,Beauty
22684,6.04,Electronics
22722,6.19,Electronics
22733,6.19,Electronics
22734,6.19,Beauty
22813,6.19,Beauty
22838,6.19,Clothing
22844,6.19,Beauty
22845,6.19,Electronics
22891,6.19,Electronics
23080,7.24,Electronics
23170,7.24,Clothing
23181,6.19,Clothing
71053,7.24,Clothing
82001S,6.19,Beauty
82482,6.04,Beauty
82552,6.04,Electronics
21171,6.19,Electronics
84032A,6.19,Beauty
84032B,6.19,Electronics
84509A,6.19,Beauty
84558A,6.19,Electronics
84832,6.19,Electronics
84968E,6.19,Clothing
85049A,6.17,Clothing
85049E,6.19,Beauty
85150,6.19,Clothing
85174,6.19,Electronics
20712,6.19,Beauty
20713,6.19,Electronics
22386,7.24,Clothing
22663,6.19,Electronics
22384,7.24,Beauty
82486,7.24,Electronics
48187,7.24,Clothing
22319,7.24,Beauty
20704,7.24,Electronics
21564,6.19,Electronics
21563,7.24,Clothing
22299,7.24,Electronics
22447,7.24,Beauty
22695,7.24,Electronics
22942,7.24,Clothing
22808,6.19,Beauty
23143,7.24,Clothing
23151,7.24,Clothing
23425,7.24,Electronics
84356,7.24,Clothing
22545,7.24,Clothing
21209,7.24,Clothing
23270,7.24,Electronics
23210,7.24,Beauty
22755,7.24,Electronics
22200,6.19,Electronics
84031B,6.19,Electronics
22646,6.19,Electronics
22644,6.19,Electronics
22394,6.04,Beauty
17091J,6.04,Clothing
35471D,6.04,Clothing
21109,6.19,Clothing
21111,6.19,Clothing
22185,6.19,Clothing
22171,6.19,Electronics
23193,6.19,Clothing
20936,6.19,Electronics
23040,6.19,Electronics
21222,6.19,Electronics
79066K,6.19,Clothing
84380,6.19,Clothing
22095,6.19,Electronics
85071C,6.19,Beauty
23034,6.19,Clothing
21669,6.19,Electronics
23033,6.19,Clothing
23318,6.19,Beauty
23527,6.19,Clothing
23524,6.19,Electronics
23525,6.19,Electronics
23122,7.24,Clothing
84519A,7.24,Clothing
35004B,7.24,Beauty
21591,6.19,Clothing
23320,6.19,Beauty
22985,6.19,Clothing
21194,6.19,Clothing
21208,6.19,Beauty
79190D,6.19,Beauty
23537,6.19,Beauty
22991,6.19,Clothing
23190,6.19,Electronics
21355,6.19,Beauty
23404,6.19,Clothing
21417,6.19,Clothing
84971S,6.19,Clothing
22627,6.19,Clothing
22625,6.19,Clothing
22331,6.19,Electronics
22834,6.19,Electronics
22505,6.19,Electronics
23326,6.19,Beauty
23317,6.19,Clothing
22794,6.19,Beauty
23182,6.19,Clothing
21755,6.19,Clothing
44234,6.19,Clothing
23238,6.19,Electronics
23237,6.19,Electronics
21124,6.19,Clothing
21122,6.19,Clothing
21121,6.19,Electronics
23255,7.24,Clothing
21918,7.24,Electronics
23037,6.19,Beauty
23550,6.19,Clothing
22711,6.19,Beauty
21497,6.19,Electronics
22704,6.19,Clothing
23515,6.19,Clothing
22081,6.19,Beauty
22080,6.19,Clothing
22908,6.19,Electronics
23215,6.19,Clothing
23489,6.19,Clothing
84993A,7.24,Electronics
22906,7.24,Electronics
21803,7.24,Electronics
21809,7.24,Beauty
20974,7.24,Clothing
22894,7.24,Clothing
21351,7.24,Clothing
22567,7.24,Clothing
37500,7.24,Electronics
23562,7.24,Clothing
23681,7.24,Beauty
20832,7.24,Electronics
22481,7.24,Electronics
22460,7.24,Beauty
22113,7.24,Beauty
21684,6.19,Beauty
22398,6.19,Beauty
23145,6.19,Electronics
20685,6.19,Electronics
23256,6.19,Beauty
22613,6.19,Clothing
23254,6.19,Beauty
72760B,20.45,Clothing
23463,20.45,Electronics
23144,6.04,Clothing
48194,6.19,Electronics
48185,6.19,Clothing
23283,6.19,Electronics
48129,7.24,Clothing
22690,7.24,Beauty
22057,7.24,Beauty
22055,6.19,Electronics
22385,7.24,Electronics
23582,7.24,Electronics
16219,6.19,Electronics
16236,6.19,Clothing
16238,6.19,Beauty
17012D,6.19,Electronics
17012F,6.19,Clothing
17084P,6.19,Clothing
18097C,6.19,Clothing
20682,6.19,Clothing
20764,6.19,Clothing
20836,6.19,Electronics
20866,6.19,Clothing
21001,6.19,Beauty
21080,6.19,Beauty
21094,6.19,Clothing
21096,6.19,Electronics
21156,6.19,Electronics
21058,6.19,Beauty
21167,6.19,Beauty
21189,7.24,Electronics
21215,7.24,Clothing
21219,7.24,Beauty
21221,7.24,Electronics
21231,7.24,Beauty
21249,7.24,Clothing
21284,7.24,Clothing
21288,7.24,Beauty
21358,6.04,Clothing
21390,6.19,Electronics
21429,6.19,Clothing
21454,6.19,Beauty
21470,6.19,Electronics
21519,6.19,Beauty
21580,6.19,Electronics
21619,6.19,Electronics
21722,6.19,Electronics
21773,6.19,Clothing
21775,6.19,Clothing
21846,6.19,Beauty
21873,6.19,Clothing
21891,6.19,Electronics
21899,6.19,Electronics
21933,6.19,Electronics
21943,6.19,Electronics
21946,6.19,Beauty
21975,6.19,Beauty
21985,7.24,Electronics
21991,7.24,Beauty
22023,7.24,Clothing
22090,6.19,Beauty
22105,6.04,Clothing
22169,6.19,Clothing
22188,6.19,Electronics
22208,6.19,Electronics
22210,6.19,Beauty
22211,6.19,Electronics
22249,6.19,Clothing
22263,6.19,Beauty
22274,6.19,Clothing
22294,6.19,Clothing
22296,6.19,Clothing
22297,6.19,Clothing
22312,6.19,Electronics
22315,6.19,Clothing
22335,6.19,Electronics
22341,6.19,Electronics
22360,6.19,Electronics
22363,6.19,Electronics
22364,7.24,Electronics
22375,6.19,Beauty
22406,6.19,Electronics
22417,6.19,Electronics
22433,6.19,Electronics
22477,6.19,Clothing
22494,6.19,Clothing
22508,6.19,Beauty
22514,6.19,Clothing
22516,6.19,Beauty
22550,6.19,Electronics
22563,7.24,Beauty
22587,7.24,Clothing
22588,7.24,Electronics
22604,6.19,Clothing
22605,6.19,Beauty
22639,6.19,Beauty
22640,6.19,Electronics
22642,6.19,Beauty
22643,6.19,Electronics
22647,6.19,Beauty
22675,6.19,Electronics
22679,6.19,Clothing
22687,6.19,Electronics
22739,6.19,Electronics
22743,6.19,Clothing
22750,6.19,Electronics
22756,7.24,Beauty
22771,6.19,Electronics
22792,6.19,Electronics
22841,6.19,Beauty
22872,6.19,Beauty
22875,6.19,Clothing
22903,6.19,Clothing
22916,6.19,Clothing
22917,6.19,Beauty
22918,6.19,Clothing
22919,6.19,Electronics
22920,6.19,Electronics
22921,6.19,Electronics
22935,6.19,Electronics
22944,6.19,Beauty
22970,6.19,Beauty
22974,6.19,Beauty
22978,6.19,Beauty
23017,7.24,Electronics
23061,7.24,Beauty
23087,7.24,Clothing
23100,7.24,Electronics
23119,6.19,Electronics
23133,6.19,Clothing
23160,6.19,Electronics
23161,6.19,Electronics
23164,6.19,Clothing
23174,6.19,Beauty
23211,6.19,Beauty
23214,6.19,Electronics
23216,6.19,Electronics
23218,6.19,Beauty
23219,6.19,Beauty
23221,6.19,Electronics
23236,6.19,Beauty
23263,6.19,Beauty
23269,7.24,Beauty
23273,7.24,Electronics
23286,7.24,Electronics
23289,7.24,Beauty
23331,6.19,Beauty
23339,6.19,Electronics
23346,6.02,Electronics
23393,6.19,Electronics
23395,6.19,Electronics
23397,6.19,Clothing
23398,6.19,Electronics
23407,6.19,Clothing
23419,6.19,Clothing
23422,6.19,Electronics
23423,6.19,Clothing
23466,7.24,Beauty
23483,7.24,Beauty
23496,7.24,Electronics
23504,6.19,Beauty
23509,7.24,Electronics
23511,6.02,Clothing
23528,6.02,Beauty
23529,6.02,Electronics
23554,6.19,Electronics
23566,6.19,Electronics
23576,6.19,Beauty
23603,6.19,Electronics
23614,6.19,Electronics
23636,6.04,Electronics
23645,6.19,Beauty
23694,6.19,Clothing
35961,6.19,Beauty
35967,6.19,Beauty
47471,6.19,Electronics
47593B,6.19,Clothing
48173C,6.19,Electronics
51014C,6.19,Beauty
72122,6.19,Electronics
72131,6.19,Beauty
72132,6.19,Clothing
72799E,6.19,Beauty
79144B,6.19,Beauty
79144C,6.19,Electronics
82616B,7.24,Beauty
82616C,7.24,Electronics
84030E,7.24,Beauty
84078A,7.24,Electronics
84535B,7.24,Beauty
84792,7.24,Clothing
84968D,6.19,Electronics
84992,6.19,Clothing
85032B,6.19,Clothing
85034B,6.19,Clothing
85129C,6.19,Electronics
85170D,6.19,Electronics
85176,6.19,Beauty
85179C,6.19,Electronics
85184C,6.19,Electronics
90018A,6.19,Beauty
90019C,6.19,Clothing
90022,6.19,Electronics
90054,6.19,Clothing
90082A,6.19,Beauty
90146,6.19,Electronics
90158,6.19,Clothing
90161B,6.19,Clothing
90182B,6.04,Beauty
90200D,6.19,Electronics
90200E,6.04,Clothing
90202A,6.19,Beauty
90210C,6.19,Electronics
23209,6.19,Beauty
16168M,6.19,Beauty
23436,7.24,Beauty
21285,7.24,Electronics
21441,7.24,Electronics
22063,7.24,Electronics
22201,7.24,Clothing
22203,7.24,Clothing
22204,7.24,Clothing
22221,6.19,Clothing
84817,6.19,Electronics
84820,6.19,Clothing
84821,6.19,Clothing
22582,6.02,Electronics
22603,6.19,Clothing
22609,6.19,Beauty
22636,6.04,Clothing
22671,6.19,Beauty
22672,6.19,Electronics
22674,6.19,Beauty
22680,7.24,Clothing
22737,6.19,Electronics
22744,6.19,Beauty
22752,6.19,Electronics
22766,6.19,Beauty
22772,6.19,Beauty
22784,6.19,Beauty
22801,6.04,Beauty
22839,6.19,Electronics
22840,6.19,Beauty
22853,6.19,Beauty
22897,6.19,Clothing
22902,6.04,Clothing
22930,6.19,Electronics
22945,6.04,Clothing
23008,6.13,Clothing
23086,6.19,Clothing
23113,6.19,Beauty
23115,6.19,Clothing
23120,6.19,Electronics
23123,6.19,Electronics
23162,6.19,Beauty
23163,6.19,Electronics
23189,7.24,Electronics
23225,6.19,Clothing
23227,6.19,Beauty
23228,6.19,Electronics
23242,6.19,Clothing
23271,6.04,Electronics
23288,6.19,Electronics
23316,6.19,Electronics
23329,6.19,Beauty
23335,6.19,Electronics
23401,6.19,Electronics
23402,6.19,Electronics
23403,6.19,Beauty
23417,6.19,Clothing
23452,6.19,Beauty
23465,6.19,Electronics
23500,6.19,Electronics
23507,6.19,Clothing
23512,6.19,Electronics
23556,6.19,Beauty
23560,7.24,Clothing
10133,7.24,Electronics
15034,7.24,Beauty
16048,7.24,Clothing
17003,7.24,Beauty
20677,7.24,Beauty
20828,7.24,Electronics
20969,6.13,Clothing
20997,7.24,Electronics
21056,6.19,Beauty
21059,6.19,Beauty
21191,6.19,Clothing
21210,6.19,Electronics
21243,6.19,Beauty
21377,7.24,Beauty
21385,7.24,Clothing
21400,7.24,Electronics
21401,7.24,Clothing
21403,7.24,Electronics
21561,6.19,Beauty
21577,6.19,Beauty
21695,6.19,Electronics
21715,6.19,Clothing
21733,6.19,Clothing
21866,6.19,Clothing
21878,6.19,Beauty
21913,6.19,Clothing
21917,6.19,Clothing
21922,6.19,Electronics
22115,7.24,Clothing
22131,7.24,Beauty
22133,7.24,Clothing
22158,6.19,Beauty
22189,6.19,Electronics
22191,6.19,Clothing
22192,6.19,Clothing
22222,6.02,Electronics
22321,6.02,Clothing
22376,6.19,Electronics
22377,6.19,Electronics
22390,6.04,Beauty
22393,6.19,Electronics
22428,6.19,Beauty
22439,6.19,Clothing
22493,6.19,Clothing
22523,6.19,Clothing
22543,6.19,Electronics
22546,6.19,Clothing
22547,6.19,Clothing
22562,6.19,Electronics
22564,6.19,Electronics
23568,6.19,Clothing
23626,7.24,Electronics
23637,7.24,Electronics
23640,6.04,Clothing
23650,6.04,Electronics
23695,6.19,Electronics
35649,6.19,Beauty
35924,6.19,Clothing
37447,6.19,Electronics
37450,6.19,Clothing
47578A,6.19,Beauty
47591D,6.19,Clothing
70006,6.19,Beauty
72598,6.19,Electronics
79403,6.04,Clothing
82578,6.04,Beauty
84536A,6.19,Beauty
84580,6.19,Clothing
84596G,6.19,Clothing
84661A,6.19,Clothing
84661B,6.19,Beauty
84836,6.19,Beauty
84949,6.19,Electronics
84950,6.19,Beauty
84988,6.19,Electronics
85025B,6.19,Electronics
85039C,7.24,Electronics
85169A,7.24,Clothing
85169B,7.24,Beauty
85231B,7.24,Clothing
85232D,6.19,Clothing
90016C,6.19,Clothing
90039C,6.19,Beauty
90083,6.19,Electronics
90101,6.19,Electronics
90114,6.19,Beauty
90160C,6.19,Clothing
90161A,6.19,Electronics
90161C,6.04,Electronics
90166,6.19,Clothing
90179A,6.19,Electronics
90187B,6.19,Electronics
90200B,6.19,Electronics
90206A,6.19,Clothing
85099F,7.24,Clothing
22382,6.04,Clothing
21289,6.19,Clothing
16258A,6.19,Clothing
22438,6.04,Beauty
20992,6.19,Clothing
85199L,6.19,Electronics
22509,7.24,Beauty
20996,6.19,Electronics
85071B,6.19,Clothing
21051,6.19,Clothing
23341,6.19,Clothing
23281,6.19,Electronics
22492,6.19,Electronics
22536,6.19,Clothing
22534,6.19,Clothing
22530,6.19,Electronics
22046,6.19,Electronics
22708,6.19,Beauty
21498,6.19,Clothing
15056P,6.19,Electronics
23176,6.19,Electronics
23394,6.19,Beauty
23396,6.19,Beauty
22846,7.24,Clothing
23455,7.24,Beauty
21623,6.19,Electronics
21135,6.19,Beauty
20676,6.19,Beauty
21042,6.19,Clothing
21452,7.24,Clothing
21581,7.24,Beauty
21881,6.19,Electronics
21944,6.19,Clothing
21974,6.19,Clothing
22136,6.19,Clothing
22166,6.19,Electronics
22414,6.19,Beauty
22425,6.19,Clothing
22468,6.19,Clothing
22470,6.19,Electronics
22669,6.19,Clothing
22692,6.19,Clothing
22781,6.04,Clothing
22972,6.19,Beauty
23474,7.24,Beauty
37340,7.24,Clothing
47591B,7.24,Beauty
72801D,6.19,Electronics
82494L,6.19,Clothing
85114B,6.04,Electronics
22923,6.19,Electronics
21770,6.19,Beauty
23400,6.19,Beauty
23321,6.19,Beauty
22804,6.19,Beauty
23081,6.19,Clothing
23427,6.19,Beauty
23413,6.19,Clothing
20932,6.19,Clothing
20933,6.19,Clothing
20675,6.04,Clothing
21240,6.04,Clothing
22426,6.19,Clothing
21576,6.19,Electronics
22709,6.19,Beauty
23233,6.19,Electronics
23232,6.19,Electronics
22487,6.19,Clothing
21628,6.19,Clothing
84006,6.19,Clothing
21495,6.19,Clothing
23499,6.19,Electronics
23101,6.19,Clothing
21592,6.19,Clothing
22746,6.19,Clothing
22584,6.19,Clothing
23109,6.19,Electronics
21588,6.19,Beauty
23505,6.04,Beauty
22607,6.04,Beauty
23106,6.19,Clothing
22959,6.19,Clothing
23531,7.24,Electronics
23532,7.24,Clothing
20975,7.24,Electronics
22595,7.24,Clothing
22475,6.19,Clothing
22094,6.19,Beauty
22092,6.04,Clothing
21262,6.19,Clothing
23548,6.19,Clothing
21867,6.19,Clothing
21865,6.19,Beauty
47421,6.19,Clothing
84920,6.19,Clothing
22430,6.19,Electronics
23192,7.24,Clothing
23179,7.24,Clothing
22953,7.24,Beauty
84951B,7.24,Beauty
23075,7.24,Clothing
72351A,7.24,Electronics
22775,7.24,Beauty
23148,6.19,Electronics
22365,6.19,Beauty
22473,6.19,Electronics
22893,6.19,Beauty
21926,6.19,Clothing
22806,6.02,Electronics
23459,6.02,Beauty
23458,6.02,Clothing
82483,6.19,Clothing
22852,6.19,Beauty
72800C,6.19,Beauty
72800B,6.19,Electronics
22673,7.24,Electronics
23360,7.24,Clothing
72811,7.24,Electronics
23019,6.04,Beauty
23457,7.24,Beauty
23578,7.24,Clothing
21442,7.66,Beauty
21034,6.19,Beauty
21524,6.19,Beauty
23415,6.19,Beauty
22986,6.19,Beauty
16156S,6.19,Electronics
22045,6.19,Clothing
84251G,6.19,Electronics
21499,6.19,Electronics
22971,6.19,Electronics
23558,6.19,Beauty
23553,6.19,Beauty
23557,6.19,Clothing
22668,6.19,Electronics
22276,6.19,Electronics
85032A,6.19,Clothing
85019A,6.19,Clothing
85019B,6.19,Beauty
22767,6.19,Electronics
21164,6.19,Clothing
17012C,6.19,Electronics
23128,6.19,Beauty
84707A,6.19,Electronics
23253,6.19,Clothing
22847,6.19,Beauty
21344,6.19,Electronics
72783,7.24,Beauty
72780,7.24,Clothing
22295,7.24,Clothing
22779,7.24,Electronics
22780,7.24,Electronics
22231,6.19,Clothing
22228,6.19,Clothing
84012,6.19,Electronics
23485,6.19,Beauty
23359,6.19,Clothing
21756,6.19,Clothing
37495,6.19,Electronics
85136C,6.19,Electronics
21055,6.19,Clothing
48116,6.19,Clothing
23250,6.19,Electronics
23252,6.19,Clothing
22691,6.04,Electronics
90214A,6.04,Beauty
90214C,6.04,Electronics
90214D,6.04,Clothing
90214E,6.04,Clothing
90214K,6.04,Beauty
90214L,6.04,Electronics
90214P,6.04,Beauty
90214S,6.04,Beauty
23374,6.04,Electronics
23337,6.04,Clothing
79160,6.19,Beauty
23092,6.19,Beauty
22796,6.19,Beauty
22936,6.19,Beauty
22932,6.19,Clothing
22931,6.04,Electronics
22413,7.24,Beauty
22511,6.19,Clothing
22510,6.19,Clothing
23543,6.19,Electronics
20686,6.19,Beauty
22389,6.19,Beauty
22533,6.19,Electronics
90214I,6.19,Electronics
85015,6.19,Beauty
22096,6.19,Electronics
21894,6.19,Electronics
21260,6.19,Beauty
21136,6.19,Beauty
22522,6.19,Electronics
85026B,6.19,Electronics
22132,6.19,Electronics
22097,6.19,Electronics
21439,6.19,Beauty
47469,6.19,Clothing
22402,7.24,Clothing
21446,7.24,Clothing
79063C,7.24,Clothing
21638,7.24,Electronics
21640,7.24,Electronics
22938,7.24,Clothing
22472,7.24,Clothing
22343,7.24,Clothing
21530,6.19,Electronics
20868,6.19,Clothing
22638,6.19,Beauty
21819,6.19,Clothing
21068,6.19,Clothing
23223,6.19,Clothing
23222,6.19,Electronics
23267,6.19,Clothing
23453,6.19,Beauty
23486,6.19,Clothing
48184,7.24,Electronics
23546,7.24,Clothing
23545,7.24,Electronics
23231,6.19,Beauty
23230,6.19,Clothing
22688,6.19,Electronics
23416,6.19,Electronics
22789,6.19,Clothing
23147,6.19,Beauty
23479,6.19,Clothing
85061W,6.19,Clothing
23107,6.19,Electronics
23153,6.19,Electronics
23108,6.19,Clothing
23454,6.19,Clothing
22822,6.04,Clothing
23291,7.24,Clothing
22098,6.19,Electronics
22946,6.19,Clothing
23490,6.19,Clothing
21286,6.19,Beauty
22445,6.19,Electronics
23697,6.19,Electronics
90214R,6.19,Electronics
23487,7.24,Clothing
22084,7.24,Electronics
70007,6.19,Clothing
22531,6.19,Beauty
22532,6.19,Electronics
22529,6.19,Electronics
22453,6.19,Beauty
22434,6.19,Clothing
46000S,6.19,Clothing
37448,6.19,Electronics
22067,6.19,Clothing
23155,6.19,Electronics
23156,6.19,Clothing
20674,6.19,Electronics
21415,6.19,Electronics
90089,6.19,Clothing
90214N,6.19,Electronics
21132,6.19,Clothing
84707B,6.19,Beauty
22686,6.19,Beauty
21903,7.24,Beauty
22391,7.24,Clothing
22410,7.24,Beauty
22405,7.24,Clothing
22395,7.24,Beauty
22742,6.19,Clothing
23522,6.19,Electronics
72819,6.19,Clothing
84509B,6.19,Clothing
22282,6.19,Electronics
22283,6.19,Beauty
23029,6.19,Electronics
79302M,6.19,Beauty
90210B,6.19,Beauty
90057,6.19,Clothing
21742,6.19,Clothing
71477,6.19,Clothing
23484,6.04,Electronics
23608,6.04,Electronics
23654,6.04,Electronics
72127,7.24,Clothing
72812,7.24,Clothing
82551,7.24,Clothing
84859A,7.24,Clothing
84859B,7.24,Beauty
90038B,6.19,Clothing
90059C,6.02,Electronics
90116,6.02,Beauty
90119,6.04,Beauty
90177B,6.19,Electronics
90202B,6.19,Electronics
20617,6.19,Beauty
20654,6.19,Clothing
20780,7.24,Beauty
20829,7.24,Clothing
20837,6.19,Beauty
21028,6.19,Clothing
21070,6.19,Electronics
21088,6.19,Clothing
21466,6.19,Electronics
21624,6.19,Clothing
22101,6.19,Electronics
22250,6.19,Clothing
22251,6.19,Clothing
22479,6.19,Beauty
22483,6.19,Beauty
22583,6.19,Clothing
22661,6.19,Beauty
22678,7.24,Electronics
22685,7.24,Beauty
22968,6.19,Clothing
23006,6.04,Beauty
23035,6.19,Clothing
23048,6.19,Clothing
23096,6.04,Beauty
23244,6.19,Beauty
23296,7.24,Beauty
23315,6.19,Electronics
23523,6.19,Electronics
90087,6.19,Electronics
21535,6.19,Beauty
22626,6.19,Beauty
23462,6.19,Beauty
85135C,6.19,Electronics
22030,6.19,Beauty
22310,6.19,Beauty
22350,6.19,Clothing
22366,6.19,Clothing
22344,7.24,Clothing
22345,7.24,Beauty
22346,6.19,Electronics
22431,6.19,Beauty
22432,6.19,Clothing
23542,6.19,Clothing
23135,6.19,Electronics
23330,6.19,Clothing
23597,6.19,Clothing
22606,6.19,Electronics
84600,6.19,Electronics
84976,6.19,Clothing
85111,6.19,Electronics
72801C,6.19,Beauty
20869,7.24,Electronics
84429A,7.24,Beauty
23180,7.24,Electronics
21365,7.24,Beauty
21371,7.24,Beauty
21629,7.24,Beauty
20772,7.24,Beauty
47580,7.24,Clothing
23085,6.04,Beauty
22320,6.19,Electronics
23131,6.19,Clothing
22990,6.19,Beauty
22130,6.04,Beauty
20616,6.19,Clothing
20615,6.19,Electronics
20652,6.19,Electronics
23132,6.19,Beauty
21253,6.19,Clothing
79191C,6.19,Beauty
23020,6.19,Beauty
21531,6.19,Electronics
51008,6.19,Clothing
46000M,6.19,Clothing
23114,6.19,Clothing
85127,7.24,Beauty
23137,6.19,Electronics
22797,6.19,Beauty
22635,7.24,Clothing
23461,6.19,Electronics
85225,6.19,Clothing
22269,6.19,Electronics
23186,6.19,Electronics
21469,6.19,Beauty
21537,6.19,Clothing
23104,6.19,Electronics
22937,6.19,Beauty
20846,6.19,Electronics
22407,7.24,Electronics
85034C,7.24,Beauty
84926D,7.24,Clothing
79051A,7.24,Electronics
84927F,7.24,Clothing
21463,7.24,Beauty
21245,6.19,Beauty
22706,6.19,Clothing
23031,6.19,Electronics
21165,6.19,Electronics
21706,7.24,Clothing
21948,6.04,Clothing
22499,6.19,Electronics
22731,7.24,Beauty
22732,7.24,Clothing
23045,6.19,Clothing
84884A,6.19,Beauty
23139,7.24,Electronics
22762,6.19,Electronics
21196,6.19,Electronics
21198,6.19,Electronics
21534,6.19,Beauty
23058,6.19,Electronics
22774,7.24,Clothing
23026,7.24,Beauty
22782,7.24,Clothing
23691,7.24,Beauty
21745,7.24,Clothing
16161P,7.24,Beauty
23090,6.19,Electronics
23078,6.19,Clothing
22403,6.04,Beauty
22696,6.04,Electronics
23342,6.04,Electronics
22802,6.19,Electronics
21630,6.19,Beauty
20761,6.04,Clothing
21584,6.04,Beauty
22079,7.24,Clothing
20755,6.19,Clothing
23408,7.24,Beauty
21090,7.24,Beauty
21084,7.24,Electronics
22333,7.24,Clothing
47503H,6.39,Beauty
21204,7.24,Electronics
16011,6.19,Electronics
16216,6.19,Electronics
72799C,6.19,Electronics
22436,6.19,Clothing
22334,6.19,Beauty
22082,6.19,Clothing
22660,6.19,Beauty
22773,6.04,Beauty
21340,6.19,Beauty
23491,6.19,Beauty
84826,6.19,Clothing
22266,6.19,Clothing
22610,6.19,Clothing
84509E,6.19,Clothing
84806A,6.04,Electronics
85212,6.04,Clothing
23154,6.02,Beauty
23060,6.02,Clothing
84711B,6.19,Electronics
84708B,6.19,Electronics
22281,6.19,Electronics
23442,6.19,Electronics
21455,7.24,Clothing
23067,7.24,Beauty
23441,7.24,Beauty
22623,6.19,Electronics
21726,6.19,Clothing
22400,6.19,Clothing
22435,6.19,Clothing
23502,6.19,Electronics
90129C,6.19,Clothing
90129B,6.19,Electronics
90129F,6.19,Clothing
23249,6.19,Clothing
21504,6.19,Beauty
21700,6.19,Beauty
22568,6.19,Beauty
21679,6.19,Beauty
20759,6.19,Beauty
20758,6.19,Clothing
72351B,6.19,Clothing
23472,6.19,Electronics
21418,6.19,Electronics
21420,6.19,Electronics
21907,6.19,Clothing
23333,6.19,Beauty
85130B,6.19,Electronics
85130D,6.19,Clothing
85130C,6.19,Beauty
22233,6.04,Electronics
22232,6.19,Beauty
23099,6.19,Beauty
21622,6.19,Electronics
22786,6.19,Clothing
46000R,6.19,Electronics
20781,6.19,Clothing
85062,6.19,Electronics
37449,6.19,Beauty
21456,6.19,Beauty
22967,6.19,Beauty
22254,6.19,Clothing
22255,6.19,Electronics
23079,6.19,Electronics
22981,6.19,Beauty
21366,6.19,Clothing
85204,6.19,Beauty
75049L,6.19,Electronics
44235,6.19,Clothing
21915,6.19,Clothing
21625,6.04,Clothing
22641,6.04,Electronics
90214F,6.19,Electronics
90214G,6.19,Electronics
21370,7.24,Beauty
21373,7.24,Beauty
21730,7.24,Electronics
22973,6.19,Beauty
23446,6.19,Electronics
23440,6.19,Beauty
84805B,6.19,Clothing
84804B,6.19,Clothing
23447,6.19,Beauty
23473,6.19,Beauty
23475,6.19,Beauty
23580,7.24,Beauty
84625A,6.19,Electronics
21265,6.19,Beauty
21128,6.19,Beauty
21698,6.19,Electronics
84880,6.19,Clothing
21818,6.04,Electronics
90214H,6.19,Clothing
90081C,6.04,Electronics
90082B,6.04,Beauty
90081A,6.04,Beauty
90073,6.04,Electronics
22305,6.19,Beauty
22718,6.19,Electronics
84843,7.24,Beauty
21883,7.24,Electronics
21880,7.24,Clothing
22851,6.19,Clothing
35001G,6.19,Beauty
35004G,6.19,Electronics
21707,6.19,Clothing
84661C,6.19,Electronics
21896,6.19,Clothing
22100,6.19,Electronics
22939,6.19,Clothing
21063,6.19,Beauty
22288,6.19,Clothing
21244,7.24,Clothing
21317,6.19,Clothing
85104,6.19,Electronics
23547,6.19,Electronics
84813,6.19,Clothing
22448,6.19,Electronics
22799,6.19,Electronics
84679,6.19,Electronics
84806B,6.19,Beauty
84804A,6.19,Beauty
84805A,6.19,Beauty
22408,6.19,Clothing
90195A,6.19,Clothing
22042,6.19,Beauty
21788,6.19,Electronics
21666,6.19,Clothing
23036,6.19,Clothing
23021,6.19,Beauty
22710,6.19,Electronics
22409,6.39,Electronics
23481,6.19,Clothing
23068,6.19,Clothing
90093,6.19,Beauty
22306,6.04,Beauty
21381,7.24,Clothing
84051,6.04,Beauty
84199,6.19,Clothing
85136A,6.19,Electronics
22440,6.19,Electronics
90099,6.19,Clothing
23305,6.19,Clothing
23304,6.19,Beauty
22512,7.24,Clothing
84926E,6.19,Electronics
84510E,7.24,Clothing
23544,6.19,Beauty
79149B,6.19,Clothing
85071D,6.19,Electronics
85071A,6.19,Beauty
22038,6.19,Electronics
21621,6.19,Electronics
20763,6.19,Clothing
22705,7.24,Beauty
22863,7.24,Electronics
20705,7.24,Electronics
21579,6.19,Clothing
20767,6.19,Beauty
15030,6.19,Electronics
20867,6.19,Clothing
21263,6.39,Electronics
23121,6.19,Beauty
21261,6.19,Electronics
23169,6.19,Electronics
21287,6.19,Beauty
84658,6.19,Beauty
23540,6.19,Beauty
79157B,6.19,Beauty
23016,7.24,Electronics
21713,6.19,Clothing
85014A,6.19,Electronics
21693,6.39,Beauty
21689,6.39,Electronics
23136,6.19,Electronics
21850,6.19,Clothing
22359,6.19,Electronics
20771,6.19,Electronics
20762,6.19,Beauty
21264,6.19,Clothing
21039,7.24,Clothing
22262,6.13,Clothing
21428,6.19,Beauty
22517,6.19,Electronics
22515,6.19,Electronics
84086B,6.19,Electronics
23406,6.19,Beauty
23185,6.19,Beauty
21086,7.24,Clothing
21925,7.24,Clothing
22214,6.19,Electronics
22452,6.19,Clothing
23117,6.19,Electronics
20735,6.19,Clothing
75178,6.19,Clothing
23217,6.19,Beauty
15044C,6.04,Beauty
21988,6.04,Electronics
22316,6.19,Beauty
21131,6.19,Clothing
82613A,6.19,Clothing
37446,6.04,Clothing
21844,7.24,Electronics
20769,6.19,Electronics
23432,6.19,Beauty
23482,7.24,Beauty
21292,6.19,Electronics
22682,6.19,Clothing
85230B,7.24,Electronics
20768,6.19,Electronics
84212,6.19,Beauty
20618,6.19,Beauty
22093,7.24,Electronics
22066,6.19,Electronics
84536B,6.19,Electronics
84875B,6.19,Beauty
84915,6.19,Beauty
84952B,6.19,Clothing
84969,6.19,Electronics
85172,6.19,Electronics
90037B,6.19,Beauty
90037C,6.19,Clothing
90039D,6.19,Clothing
90056,6.19,Clothing
90160A,6.19,Clothing
90180B,6.19,Clothing
90182A,6.04,Beauty
90197B,6.19,Beauty
90214J,7.24,Beauty
90214O,7.24,Beauty
11001,7.24,Clothing
20794,6.19,Beauty
21025,6.04,Beauty
21107,6.19,Beauty
21555,6.19,Electronics
22223,6.04,Clothing
22354,6.19,Beauty
22541,7.24,Clothing
22949,6.19,Clothing
23070,6.19,Beauty
23517,6.19,Beauty
23541,6.19,Clothing
23615,6.19,Beauty
23634,6.19,Clothing
47590A,6.19,Clothing
23373,6.19,Electronics
85107,6.19,Clothing
62018,7.24,Beauty
22311,7.24,Electronics
21425,6.19,Beauty
21427,6.19,Clothing
90214Y,6.19,Electronics
22117,6.19,Beauty
48188,6.19,Electronics
85180B,6.19,Electronics
20956,6.19,Beauty
84926F,6.19,Clothing
22128,6.19,Clothing
90058B,6.19,Clothing
90058A,6.19,Electronics
22842,23.87,Beauty
23043,23.02,Clothing
22913,21.31,Clothing
22047,7.24,Electronics
22089,6.13,Electronics
21500,6.19,Clothing
22332,6.19,Clothing
23039,6.19,Clothing
22911,6.04,Clothing
84827,6.19,Electronics
23492,6.19,Clothing
23303,6.13,Beauty
46775D,6.04,Clothing
21367,7.24,Clothing
21368,7.24,Electronics
21369,7.24,Electronics
21426,7.24,Beauty
21578,7.24,Electronics
21888,6.13,Electronics
22883,8.09,Clothing
22889,7.24,Beauty
23042,6.13,Electronics
23157,6.13,Clothing
84509C,6.13,Beauty
84510C,6.13,Clothing
22927,6.13,Clothing
22267,6.19,Beauty
21306,6.19,Electronics
23282,6.13,Beauty
22152,6.19,Clothing
85023B,6.19,Clothing
22649,6.13,Electronics
22843,7.24,Beauty
21112,6.13,Clothing
21821,6.13,Clothing
21868,6.13,Electronics
21270,6.13,Clothing
23409,6.19,Electronics
23470,6.13,Clothing
16045,6.19,Clothing
23226,6.19,Clothing
22537,6.04,Beauty
22933,7.24,Electronics
84859C,7.24,Electronics
22229,6.19,Electronics
17084R,7.24,Electronics
84406B,7.24,Clothing
23460,7.24,Electronics
22538,6.19,Beauty
37413,6.19,Electronics
37489D,6.19,Clothing
17021,6.19,Electronics
85020,7.24,Electronics
23146,6.19,Electronics
21820,6.19,Electronics
23023,7.24,Electronics
35818P,5.97,Clothing
84360,6.19,Electronics
22810,6.19,Electronics
21694,6.19,Electronics
22497,7.24,Clothing
21636,6.19,Beauty
23513,7.24,Electronics
23116,6.39,Electronics
84987,7.24,Beauty
22882,7.24,Beauty
22887,6.13,Clothing
84989A,7.24,Clothing
23022,7.24,Beauty
16012,5.97,Electronics
85183A,6.13,Clothing
22284,7.24,Beauty
22285,7.66,Beauty
23150,6.13,Electronics
90214M,6.13,Electronics
90214B,6.13,Clothing
90214T,6.13,Electronics
90214U,6.13,Electronics
90214V,6.13,Clothing
90214W,6.13,Beauty
90214Z,6.13,Beauty
22050,7.24,Beauty
22048,7.24,Beauty
17107D,7.24,Clothing
85203,6.13,Electronics
22575,7.24,Beauty
22349,6.13,Electronics
15044A,6.13,Beauty
15044D,6.13,Beauty
22812,7.24,Clothing
22504,7.24,Electronics
84609,7.24,Clothing
21683,7.24,Clothing
23520,6.13,Beauty
23516,5.97,Electronics
23327,5.97,Electronics
23046,7.24,Beauty
21723,6.13,Beauty
23539,6.13,Beauty
20653,6.13,Electronics
20707,6.13,Electronics
20765,6.64,Electronics
21116,6.13,Electronics
21147,7.24,Clothing
21293,7.24,Electronics
22559,6.13,Clothing
22681,6.13,Beauty
23038,6.13,Beauty
23129,6.13,Beauty
47567B,5.97,Electronics
84569A,7.24,Electronics
84673B,7.24,Clothing
84951A,7.88,Beauty
85095,7.24,Electronics
85129B,7.24,Clothing
85129D,7.24,Electronics
85180A,7.24,Beauty
21060,7.24,Electronics
21207,6.13,Beauty
21676,6.13,Clothing
21719,7.24,Clothing
21851,7.24,Beauty
22248,6.13,Electronics
23306,7.72,Electronics
35971,6.13,Beauty
84912B,6.13,Electronics
85163B,7.29,Electronics
90019A,6.13,Beauty
90024B,6.13,Clothing
90039A,6.13,Clothing
90059B,6.13,Beauty
90071,6.13,Clothing
90118,6.13,Clothing
90163B,6.13,Electronics
90164B,6.13,Electronics
90179B,6.13,Electronics
90183B,6.13,Beauty
90184B,6.13,Beauty
17129F,7.29,Clothing
20619,7.29,Electronics
20622,7.29,Clothing
20775,5.97,Electronics
20795,6.13,Beauty
20835,7.72,Beauty
21520,7.29,Electronics
21708,6.13,Beauty
22120,7.29,Electronics
22318,6.13,Beauty
23138,13.62,Electronics
23324,6.19,Beauty
37462E,6.19,Electronics
84931B,6.19,Electronics
90103,6.19,Electronics
90211A,6.19,Clothing
20699,7.24,Electronics
84674,7.24,Beauty
90094,6.13,Clothing
85096,7.24,Electronics
20802,6.19,Beauty
21376,6.19,Beauty
21375,6.19,Beauty
17191A,7.24,Electronics
35599D,6.39,Electronics
21884,6.19,Clothing
23102,6.19,Electronics
22416,6.19,Clothing
22148,6.19,Beauty
22770,6.19,Clothing
23010,6.19,Clothing
20893,7.24,Electronics
35598D,7.24,Electronics
35599B,7.24,Beauty
46000U,6.19,Electronics
84711A,6.19,Beauty
90198B,6.19,Electronics
90040C,6.19,Electronics
21937,7.24,Clothing
85194S,7.24,Clothing
21386,7.24,Beauty
20751,6.19,Electronics
23456,6.19,Clothing
23514,6.19,Electronics
23420,6.19,Electronics
23421,6.19,Clothing
23152,7.24,Electronics
23069,6.19,Electronics
21682,6.19,Clothing
10120,6.19,Clothing
47566B,6.19,Electronics
21761,6.19,Beauty
23433,6.19,Electronics
20655,6.19,Electronics
21709,6.19,Electronics
21389,6.19,Electronics
21114,6.19,Clothing
16054,6.04,Clothing
21061,6.19,Beauty
21849,6.04,Beauty
23130,6.19,Beauty
22729,6.19,Clothing
21279,6.19,Clothing
47420,6.19,Beauty
20766,7.24,Clothing
84192,6.19,Beauty
84968A,6.19,Clothing
21311,6.19,Electronics
22230,7.24,Beauty
85159A,6.19,Clothing
85183B,6.19,Beauty
84581,6.19,Beauty
84247E,6.19,Electronics
16169M,6.19,Electronics
22707,6.19,Clothing
16156L,6.04,Beauty
16161U,6.19,Electronics
21199,7.24,Electronics
21380,7.24,Beauty
21197,7.24,Electronics
22399,7.24,Electronics
23025,6.19,Clothing
23027,6.19,Clothing
21804,6.19,Electronics
22683,6.19,Beauty
22677,6.19,Beauty
23471,7.24,Beauty
71050,6.19,Clothing
85230A,7.24,Electronics
85230G,7.24,Beauty
22337,7.24,Clothing
22535,6.19,Clothing
21789,6.19,Electronics
21062,6.19,Clothing
84913B,6.19,Beauty
22043,6.19,Beauty
84922,6.19,Beauty
37475,6.19,Electronics
84924A,6.19,Beauty
17012A,6.04,Beauty
84796A,6.19,Beauty
21205,7.24,Clothing
23518,6.19,Electronics
22761,6.19,Beauty
47599B,6.19,Beauty
47599A,6.19,Beauty
90125B,6.19,Clothing
90085,7.24,Clothing
90164A,7.24,Electronics
21106,6.19,Clothing
21721,6.19,Beauty
22702,6.19,Beauty
23625,6.19,Beauty
90010E,6.19,Electronics
90036C,6.19,Clothing
90041,6.19,Clothing
90122C,6.19,Electronics
90133,6.19,Beauty
90149,6.19,Electronics
90176E,6.19,Electronics
90177D,6.04,Electronics
90199B,6.19,Clothing
22820,6.19,Electronics
23411,6.19,Electronics
22826,6.19,Electronics
23348,6.19,Electronics
85175,6.19,Beauty
72586,6.19,Electronics
90179C,6.04,Clothing
20894,6.19,Clothing
23549,7.24,Beauty
84279B,6.19,Clothing
21374,6.19,Beauty
22147,6.19,Clothing
72802A,6.19,Electronics
21354,6.19,Beauty
23431,6.19,Beauty
21464,6.19,Electronics
35923,6.19,Beauty
21066,6.19,Beauty
22286,6.19,Beauty
22287,6.19,Electronics
21382,6.19,Clothing
84926A,6.19,Beauty
21465,6.19,Clothing
21927,6.19,Clothing
47585A,6.19,Beauty
23044,6.19,Beauty
23478,6.19,Beauty
23049,6.19,Beauty
23073,7.24,Clothing
22831,7.24,Electronics
21758,6.19,Electronics
21793,6.19,Electronics
21972,6.19,Beauty
47369A,6.19,Clothing
47369B,6.19,Electronics
90108,6.19,Clothing
90143,6.19,Clothing
90204,6.19,Clothing
20661,6.19,Clothing
20711,6.02,Clothing
47422,6.19,Beauty
85114A,6.19,Clothing
22886,6.19,Beauty
84849D,6.04,Electronics
85159B,6.19,Clothing
23032,6.19,Beauty
72807C,6.04,Clothing
21422,6.19,Clothing
84931A,7.24,Clothing
23448,6.19,Clothing
21688,6.19,Electronics
23692,6.19,Electronics
22759,7.24,Beauty
20819,6.19,Clothing
22243,6.19,Electronics
21032,6.19,Clothing
23476,6.39,Clothing
22884,6.19,Clothing
84086C,6.04,Electronics
21747,7.24,Electronics
84876B,6.19,Beauty
84877B,6.19,Clothing
35810B,7.24,Electronics
23414,6.19,Electronics
84795B,7.24,Beauty
17012B,6.04,Clothing
16254,7.24,Electronics
84592,6.19,Electronics
22947,6.19,Beauty
23630,6.19,Electronics
23632,6.19,Clothing
85088,6.04,Beauty
90011B,7.24,Beauty
90013B,7.24,Electronics
90024F,7.24,Clothing
90141A,7.24,Electronics
90152A,7.24,Electronics
90181A,7.24,Clothing
21250,7.24,Clothing
21251,7.24,Beauty
23477,7.24,Electronics
35819B,6.19,Beauty
21503,6.39,Electronics
35598B,6.03,Clothing
47341B,6.19,Clothing
85185B,6.19,Clothing
84882,6.19,Clothing
72802C,6.19,Clothing
84849A,7.24,Electronics
21746,6.04,Clothing
84228,6.19,Clothing
72225C,6.19,Beauty
90196A,7.24,Electronics
85208,7.24,Clothing
21841,6.19,Beauty
90186B,6.19,Clothing
90190C,6.19,Clothing
21814,7.24,Clothing
22317,7.24,Clothing
21129,6.19,Electronics
85135A,6.13,Beauty
85169D,6.04,Beauty
47518F,6.19,Electronics
21468,6.19,Beauty
23149,6.19,Electronics
85202,6.19,Beauty
22265,7.24,Electronics
22325,6.19,Beauty
22181,6.19,Clothing
22832,6.04,Electronics
22870,7.24,Clothing
22869,6.13,Clothing
22572,6.13,Clothing
23623,7.24,Beauty
84748,6.13,Clothing
90180A,6.13,Clothing
90186A,6.13,Beauty
90199D,6.13,Beauty
21749,5.97,Beauty
23125,6.13,Electronics
23617,7.24,Clothing
90003B,7.24,Beauty
90003D,7.24,Clothing
90033,7.67,Beauty
90199C,6.39,Beauty
47481,6.13,Electronics
85170B,7.24,Beauty
71406C,7.24,Clothing
23159,5.97,Electronics
71038,6.13,Electronics
21973,6.13,Electronics
16046,6.13,Clothing
21845,6.13,Electronics
47503A,7.29,Beauty
22164,7.72,Electronics
20748,6.19,Electronics
21211,6.19,Electronics
21882,7.24,Clothing
72800D,7.24,Clothing
72369A,7.24,Beauty
85106,6.19,Beauty
90030A,6.19,Electronics
75011,6.19,Clothing
22912,6.19,Electronics
79151B,6.19,Electronics
78124,6.19,Clothing
22427,7.24,Electronics
21291,6.19,Clothing
22102,6.19,Beauty
22579,6.19,Clothing
23094,6.19,Beauty
23601,6.19,Clothing
23609,6.19,Clothing
23613,6.19,Electronics
90074,6.19,Beauty
90123D,6.19,Clothing
90130D,6.04,Clothing
90144,6.19,Clothing
90157,6.19,Clothing
90205C,6.19,Clothing
22450,6.19,Beauty
22689,6.19,Beauty
85054,7.24,Electronics
21372,6.19,Electronics
85125,6.19,Electronics
20752,6.19,Beauty
22637,6.19,Beauty
22503,6.19,Clothing
20770,6.19,Beauty
85161,6.19,Clothing
84842,6.19,Beauty
21647,6.19,Electronics
20757,6.19,Electronics
84706F,6.19,Beauty
21816,6.19,Beauty
22715,7.24,Beauty
85187,7.24,Clothing
21192,6.19,Clothing
44089A,6.19,Beauty
16162M,6.19,Beauty
23142,6.19,Clothing
35637C,6.19,Beauty
35637A,6.19,Beauty
22825,7.24,Beauty
85035C,7.24,Electronics
79063D,6.02,Clothing
90082D,6.19,Electronics
90151,7.24,Clothing
90023,7.24,Clothing
90147,7.24,Beauty
90014C,6.19,Electronics
23325,6.04,Electronics
81952V,6.19,Beauty
84247N,7.24,Electronics
21644,6.19,Clothing
84508B,6.19,Clothing
22271,6.19,Electronics
21110,6.19,Electronics
22032,6.19,Beauty
90030C,6.19,Clothing
90031,7.24,Beauty
21226,6.19,Clothing
90098,6.19,Beauty
84527,6.19,Clothing
22665,6.19,Clothing
21710,6.19,Clothing
84206C,7.24,Electronics
84201B,7.24,Beauty
84206A,7.24,Clothing
20847,7.24,Beauty
22611,6.19,Electronics
72799F,6.19,Electronics
21190,6.19,Clothing
23410,7.24,Electronics
84550,6.19,Electronics
22873,6.19,Beauty
23627,6.19,Beauty
23629,6.19,Electronics
23649,6.19,Clothing
90000D,6.19,Beauty
90018C,6.19,Beauty
22292,6.19,Clothing
22291,6.19,Clothing
22247,6.19,Beauty
22258,6.19,Clothing
22034,6.19,Electronics
72807A,7.24,Beauty
84971L,7.24,Electronics
90027B,7.24,Beauty
90027C,7.24,Beauty
90060F,6.19,Beauty
90130A,6.19,Clothing
22162,6.19,Electronics
23519,6.04,Electronics
23607,6.19,Electronics
23638,6.19,Clothing
85124B,7.24,Beauty
90075,6.19,Electronics
90076,6.19,Beauty
90190A,6.19,Electronics
72807B,6.19,Beauty
84870B,6.19,Electronics
90011C,6.19,Clothing
90038A,6.13,Electronics
90070,6.19,Electronics
90129E,6.13,Electronics
90205A,6.19,Electronics
22246,6.19,Electronics
17090A,6.19,Clothing
16161G,6.19,Beauty
22449,7.24,Clothing
35598C,7.24,Clothing
23047,6.19,Clothing
21744,6.39,Electronics
71495A,6.19,Beauty
71495B,6.19,Beauty
22778,7.24,Electronics
22051,6.19,Electronics
47594A,6.19,Clothing
84929,7.24,Beauty
20760,6.19,Clothing
21711,6.19,Electronics
90011A,7.24,Electronics
22954,7.24,Clothing
23015,6.19,Beauty
35443,6.19,Beauty
17174,6.19,Electronics
84673A,7.24,Electronics
35833P,6.19,Electronics
71510,6.19,Electronics
22652,6.19,Beauty
22824,6.19,Electronics
85034A,7.24,Beauty
22241,6.19,Beauty
85036C,6.19,Beauty
84801A,6.19,Beauty
84968C,6.19,Electronics
21556,6.19,Electronics
20698,6.19,Clothing
20697,6.19,Clothing
21811,7.24,Electronics
15058A,6.19,Beauty
21815,7.24,Clothing
21206,6.19,Clothing
22236,6.13,Clothing
21014,6.13,Clothing
21830,5.97,Beauty
23056,6.13,Clothing
72817,6.13,Clothing
90049,6.13,Electronics
21117,6.13,Electronics
22125,6.13,Clothing
21041,7.24,Clothing
35400,7.88,Clothing
21696,7.24,Electronics
85163A,7.24,Electronics
82011C,6.13,Electronics
82011B,6.13,Beauty
21277,6.13,Beauty
20821,7.24,Beauty
23468,7.24,Clothing
21459,6.13,Electronics
21461,6.13,Electronics
22339,5.97,Clothing
84616,5.97,Clothing
22293,7.29,Clothing
22289,7.29,Electronics
21407,5.97,Electronics
22892,6.13,Electronics
23297,11.94,Beauty
37370,11.94,Clothing
40005B,11.12,Electronics
85024C,11.94,Clothing
84522,12.25,Clothing
21269,18.96,Clothing
79161A,13.27,Clothing
20694,17.9,Beauty
22033,11.1,Electronics
90011D,13.22,Electronics
90190B,13.22,Clothing
21807,10.68,Electronics
90141C,15.78,Electronics
20756,11.12,Clothing
85194L,11.12,Beauty
22270,14.09,Beauty
21633,23.32,Beauty
23064,20.5,Beauty
84659A,12.86,Clothing
21802,10.68,Electronics
37489B,10.65,Clothing
37489A,10.65,Clothing
21391,11.02,Beauty
21027,11.53,Beauty
21030,11.53,Beauty
71101E,11.12,Clothing
21562,11.53,Beauty
23633,12.8,Electronics
90177E,13.22,Beauty
21617,13.62,Electronics
22206,11.1,Electronics
22868,14.48,Beauty
10080,10.65,Beauty
23057,11.27,Clothing
23055,11.27,Clothing
21626,12.25,Clothing
84665,16.35,Electronics
21473,30.7,Beauty
84824,26.6,Clothing
23268,11.74,Electronics
20754,12.4,Clothing
22856,11.53,Electronics
84206B,10.44,Beauty
35591T,11.53,Electronics
15060B,18.75,Beauty
35638A,12.25,Clothing
35638B,12.25,Clothing
84663A,11.06,Clothing
35598A,13.27,Electronics
23065,23.06,Electronics
85216,10.92,Beauty
90189A,17.94,Electronics
90026D,18.96,Clothing
90154,19.42,Beauty
22570,13.72,Clothing
22860,11.94,Clothing
23620,12.8,Clothing
84459A,11.78,Electronics
22827,179.37,Clothing
21631,23.32,Clothing
22040,10.68,Clothing
21202,11.94,Electronics
22904,13.27,Beauty
15058B,18.4,Electronics
84508C,12.86,Clothing
85135B,18.4,Beauty
85036B,11.53,Beauty
90160D,17.37,Clothing
21725,11.12,Beauty
20695,14.61,Clothing
85089,13.27,Electronics
23612,11.95,Beauty
23639,13.66,Beauty
23646,12.8,Electronics
23652,13.23,Beauty
90064A,14.5,Beauty
90175C,19.42,Beauty
16015,10.76,Beauty
22828,158.88,Electronics
21331,23.32,Beauty
23018,23.06,Beauty
22454,13.27,Electronics
21741,13.27,Electronics
21031,11.53,Clothing
71403,13.27,Beauty
21145,11.53,Clothing
90000A,16.64,Clothing
90185A,14.5,Clothing
22871,14.48,Electronics
22878,14.48,Clothing
21847,18.75,Clothing
90165A,12.79,Beauty
90176B,17.92,Clothing
20935,13.27,Beauty
85036A,11.53,Beauty
22823,123,Beauty
90067A,13.27,Electronics
21824,10.65,Clothing
21823,10.65,Electronics
22880,12.25,Beauty
21643,11.34,Beauty
84341B,10.64,Clothing
21992,11.53,Clothing
84497,14.09,Clothing
72801G,11.53,Electronics
22859,11.94,Clothing
20670,13.27,Clothing
21352,13.27,Clothing
90052,17.5,Beauty
35965,10.81,Electronics
90122A,15.35,Clothing
23449,11.53,Clothing
84744,11.53,Clothing
84687,16.35,Beauty
84617,23.32,Clothing
21054,19.42,Electronics
23024,12.8,Clothing
20901,16.76,Beauty
21618,11.53,Electronics
84952A,17.9,Clothing
85131C,11.1,Electronics
21539,15.32,Electronics
90050,17.37,Beauty
22803,51.2,Electronics
84968F,23.32,Electronics
40001,11.12,Beauty
90012B,13.27,Clothing
16259,10.33,Clothing
21394,10.65,Clothing
22183,17.17,Beauty
22548,11.53,Beauty
23140,14.5,Electronics
21413,11.53,Clothing
46138B,11.12,Electronics
35819P,10.64,Beauty
82011A,14.09,Clothing
90096,12.86,Clothing
72709,11.12,Electronics
85160B,10.65,Clothing
90124B,20.46,Clothing
23610,12.38,Clothing
23624,12.8,Beauty
20657,12.77,Beauty
22322,11.92,Clothing
22934,16.18,Beauty
23602,13.23,Electronics
20696,17.9,Clothing
23664,11.94,Beauty
22829,20.45,Beauty
21275,27.62,Clothing
22149,12.4,Electronics
20796,11.94,Clothing
37327,10.65,Electronics
85230F,10.55,Beauty
90210D,11.27,Clothing
90184A,19.42,Beauty
35651,11.94,Clothing
22268,10.44,Electronics
22412,12.4,Electronics
23091,16.66,Electronics
79030D,10.65,Electronics
90196B,23.32,Electronics
90162B,13.27,Beauty
90026C,18.96,Electronics
47504K,11.06,Clothing
90065B,17.17,Electronics
90159,15.32,Electronics
90195B,13.27,Beauty
90160B,17.37,Clothing
21817,10.65,Clothing
21458,11.53,Clothing
21457,11.53,Clothing
84457,11.12,Electronics
35954,10.44,Clothing
22874,14.48,Beauty
71279,16.18,Beauty
90175B,19.63,Electronics
21281,12.86,Electronics
21280,12.86,Electronics
84796B,35.83,Electronics
85017B,11.1,Electronics
47594B,12.25,Electronics
84984A,15.02,Beauty
84984B,15.02,Clothing
84984D,15.02,Beauty
37479P,10.65,Clothing
22053,11.53,Clothing
23619,12.8,Clothing
21750,14.48,Beauty
84549,13.62,Electronics
90001B,14.5,Clothing
90176A,17.94,Beauty
90176D,17.94,Clothing
22180,30.71,Clothing
21586,12.4,Electronics
22950,11.74,Electronics
90162A,13.27,Beauty
20886,14.48,Electronics
22044,10.44,Electronics
79164,10.65,Beauty
84913A,15.02,Clothing
20977,13.27,Beauty
72803A,14.61,Electronics
35913B,11.12,Electronics
35909B,12.25,Electronics
35933,10.64,Clothing
10124G,10.68,Electronics
10124A,10.68,Clothing
47351B,13.27,Clothing
20848,13.27,Clothing
35972,11.53,Clothing
16207A,13.27,Electronics
22501,20.45,Beauty
90209A,12.4,Clothing
84231,10.92,Clothing
84465,13.27,Clothing
20934,15.84,Clothing
35911A,11.12,Clothing
84944,11.94,Clothing
72802B,11.27,Beauty
90124C,20.48,Electronics
90211B,16.35,Clothing
90199A,16.76,Clothing
90069,17.94,Beauty
90063A,18.96,Electronics
90063B,18.96,Electronics
23124,12.77,Beauty
85093,11.1,Clothing
21395,10.65,Clothing
23187,10.55,Clothing
17136A,10.33,Clothing
79157V,11.12,Beauty
84766,16.35,Electronics
85045,15.32,Clothing
23028,11.94,Beauty
84559B,11.12,Clothing
71496B,10.79,Clothing
71496A,10.79,Beauty
85078,11.92,Clothing
90028,18.78,Electronics
22655,594.5,Electronics
84050,11.53,Electronics
35968,10.45,Beauty
35818B,10.64,Electronics
47016,12.4,Clothing
21349,17.17,Clothing
84974,20.45,Beauty
22176,13.27,Electronics
72818,11.92,Clothing
21071,12.77,Beauty
22035,11.1,Electronics
23628,13.23,Beauty
23643,13.66,Electronics
37491A,13.62,Clothing
90001A,14.5,Electronics
90185C,14.5,Electronics
90209C,12.37,Electronics
22848,25.57,Clothing
35912B,11.53,Clothing
22257,11.53,Electronics
21801,10.68,Beauty
35810A,11.1,Clothing
84870C,14.09,Electronics
16248B,11.53,Electronics
85131A,11.53,Clothing
84818,11.06,Clothing
90162C,13.27,Clothing
90162D,13.27,Clothing
90124A,20.45,Clothing
22925,16.35,Electronics
21163,10.65,Clothing
22244,12.25,Clothing
21613,13.27,Electronics
85035B,11.53,Clothing
22929,76.88,Clothing
47367B,14.09,Beauty
90016A,14.61,Beauty
90032,13.46,Clothing
90014B,13.27,Electronics
20702,14.61,Electronics
23072,11.27,Beauty
23071,11.27,Clothing
21294,12.77,Electronics
20967,17.9,Electronics
85035A,11.53,Beauty
22569,14.09,Electronics
22039,10.68,Clothing
21794,14.3,Beauty
21424,13.27,Clothing
21157,12.4,Beauty
21627,25.57,Clothing
22103,10.65,Clothing
22857,11.12,Clothing
20662,16.18,Clothing
84507C,12.86,Clothing
21002,14.61,Beauty
85124C,12.86,Beauty
20903,16.76,Beauty
20898,13.27,Electronics
45013,13.27,Beauty
90142D,15.32,Beauty
22849,27.62,Electronics
90178A,22.5,Clothing
84452,11.12,Clothing
85186C,10.68,Electronics
22049,10.44,Beauty
21829,10.47,Beauty
44092C,11.12,Clothing
21738,13.27,Electronics
84638,17.37,Clothing
35645,14.61,Beauty
90025F,14.09,Electronics
90001C,14.61,Electronics
90036E,18.4,Clothing
37476,20.45,Clothing
21476,25.57,Clothing
84921,14.09,Electronics
90129D,13.27,Clothing
90194,14.61,Beauty
35914,11.12,Clothing
37468,10.65,Beauty
21587,12.86,Electronics
35916A,11.92,Beauty
35916B,11.92,Clothing
35916C,11.92,Electronics
90043,20.46,Clothing
72816,11.22,Clothing
21664,14.09,Clothing
40046A,11.53,Beauty
20984,10.55,Electronics
20663,16.18,Electronics
23604,11.95,Beauty
72140E,11.12,Electronics
21448,11.94,Electronics
21634,10.65,Electronics
84247K,13.27,Electronics
22336,10.44,Clothing
22062,11.1,Clothing
85116,10.92,Electronics
20998,12.86,Clothing
23066,27.3,Clothing
85211,11.06,Clothing
21364,17.17,Beauty
21078,12.77,Clothing
21658,14.3,Clothing
22656,594.5,Clothing
90173,14.09,Electronics
90064B,14.09,Electronics
90141E,15.32,Beauty
37471,11.12,Clothing
85231G,11.92,Clothing
90012A,13.27,Electronics
84952C,14.09,Clothing
85115B,18.75,Clothing
23412,17.94,Clothing
84846A,12.4,Electronics
37467,10.65,Electronics
21637,11.53,Beauty
90123A,16.22,Clothing
22987,10.68,Beauty
90025A,14.09,Electronics
90001D,14.61,Electronics
90079,15.32,Clothing
90051,17.37,Electronics
18094C,11.53,Beauty
47574A,11.02,Beauty
22700,13.27,Clothing
85087,13.62,Clothing
90053,12.79,Clothing
78033,16.35,Clothing
85032D,10.92,Clothing
84551,11.94,Beauty
22858,11.94,Beauty
23605,13.23,Beauty
21067,11.53,Electronics
20774,11.92,Beauty
22877,14.48,Beauty
22879,14.48,Beauty
84625C,16.18,Beauty
90129A,11.92,Beauty
84660A,11.06,Beauty
21686,51.2,Beauty
90209B,12.4,Clothing
78034B,12.25,Electronics
20830,12.4,Clothing
35265,12.25,Beauty
22957,13.27,Clothing
90024D,18.78,Electronics
90025D,14.07,Clothing
21363,15.32,Clothing
84798A,12.86,Electronics
85049D,11.53,Clothing
15044B,13.27,Beauty
16169K,10.68,Electronics
20700,14.48,Clothing
90128C,12.77,Clothing
22876,14.48,Clothing
90148,23.32,Beauty
35815P,10.64,Clothing
85049F,11.53,Beauty
22740,11.12,Clothing
20658,11.53,Clothing
44242B,11.06,Electronics
22502,12.3,Beauty
22837,15.02,Clothing
84877D,11.53,Electronics
84251B,10.44,Beauty
44089C,10.68,Electronics
84754,11.53,Electronics
84875D,11.53,Electronics
84637,16.35,Electronics
20678,11.94,Electronics
35915B,11.1,Beauty
22854,15.32,Electronics
84912A,14.09,Electronics
84725,11.02,Clothing
84352,27.62,Clothing
84508A,12.4,Electronics
40016,10.68,Beauty
84907,18.09,Electronics
84919,17.37,Electronics
21447,12.77,Beauty
85049B,12.77,Electronics
21654,10.65,Electronics
79163,10.65,Electronics
84596L,10.68,Electronics
23134,18.71,Beauty
21735,23.32,Clothing
84422,10.65,Electronics
21641,10.55,Beauty
35607B,10.44,Beauty
90011E,13.22,Beauty
84016,10.68,Beauty
84033,11.94,Clothing
37489C,10.65,Clothing
22461,14.3,Beauty
16162L,5.46,Clothing
21743,13.27,Clothing
17084J,10.47,Clothing
17084A,10.47,Electronics
21179,10.65,Beauty
20773,11.94,Electronics
79000,11.12,Beauty
84876D,11.53,Electronics
84800S,11.53,Clothing
85230E,10.55,Clothing
20793,17.17,Electronics
84660C,11.06,Electronics
21033,6.19,Clothing
84507B,12.86,Beauty
84660B,17.9,Electronics
90077,13.22,Electronics
22256,12.77,Beauty
90212C,14.09,Electronics
22760,21.47,Beauty
44092B,11.12,Beauty
46000P,14.61,Clothing
90156,15.32,Clothing
21246,15.32,Clothing
85132C,16.18,Electronics
90122B,15.35,Electronics
37342,11.06,Electronics
79336,10.64,Clothing
90038C,14.07,Clothing
22245,11.12,Electronics
35597D,10.64,Electronics
47348A,10.65,Electronics
21784,20.45,Clothing
22157,11.12,Electronics
90020,23.04,Electronics
16207B,12.77,Beauty
20897,12.77,Beauty
20664,12.77,Clothing
20667,12.77,Clothing
90029,18.78,Clothing
90132,15.35,Electronics
90027A,13.22,Clothing
90140,17.92,Beauty
21609,13.27,Beauty
22855,11.53,Electronics
84201C,10.44,Beauty
84800M,11.98,Clothing
22480,11.53,Clothing
21870,13.62,Electronics
20966,12.77,Electronics
35966,10.64,Clothing
85025C,11.74,Clothing
37501,17.37,Beauty
84927A,10.65,Beauty
44228,11.12,Beauty
90176C,17.94,Beauty
21143,12.25,Electronics
44236,11.06,Beauty
84816,51.2,Electronics
84732D,10.65,Electronics
84732B,10.65,Clothing
81950B,10.55,Clothing
21089,10.44,Beauty
21069,11.34,Clothing
35816P,10.64,Clothing
20845,16.76,Electronics
79062D,10.55,Electronics
84629,15.32,Clothing
21662,16.35,Beauty
21332,14.3,Beauty
35817P,10.64,Clothing
85086A,11.1,Electronics
22194,27.3,Electronics
21272,12.77,Electronics
22137,13.27,Beauty
35653,13.27,Electronics
21359,14.3,Electronics
84803B,11.98,Beauty
85215,10.92,Clothing
85214,11.94,Beauty
20902,14.48,Electronics
84358,18.95,Electronics
20856,11.94,Clothing
18098C,13.27,Clothing
84993B,10.68,Clothing
84723,12.25,Electronics
20980,11.53,Beauty
47343A,11.1,Electronics
22443,18.4,Clothing
90036A,18.4,Clothing
84963B,61.45,Clothing
84251C,11.1,Electronics
21187,13.62,Beauty
21188,12.86,Electronics
21792,14.3,Beauty
84874B,11.94,Clothing
84595E,13.62,Clothing
35650,15.32,Electronics
84847,14.09,Clothing
90123C,16.35,Beauty
90123B,16.35,Clothing
90036B,18.4,Electronics
85213,10.55,Clothing
84731,10.65,Clothing
84925F,11.06,Clothing
84924F,11.06,Clothing
85197,12.4,Clothing
90067B,13.22,Beauty
90039B,14.07,Beauty
84872A,27.62,Electronics
21720,11.12,Electronics
81952B,10.44,Electronics
90128A,12.77,Beauty
84927D,10.65,Clothing
90024C,18.78,Electronics
90000B,16.64,Clothing
21361,23.32,Beauty
20684,13.58,Electronics
21445,11.53,Clothing
84632,71.7,Electronics
81953P,10.44,Beauty
84387A,12.25,Beauty
84402B,11.06,Clothing
84789,13.27,Beauty
84857B,12.25,Clothing
22777,18.09,Beauty
85188A,11.12,Electronics
35921,11.53,Beauty
22444,11.53,Clothing
84576,12.25,Electronics
44091A,10.68,Clothing
84849B,11.98,Clothing
84746,12.77,Beauty
84910A,18.75,Electronics
90137,15.78,Electronics
18007,10.68,Beauty
20666,11.1,Electronics
85103,16.35,Beauty
17096,10.42,Electronics
90141D,15.32,Clothing
84927E,10.65,Clothing
37491D,11.94,Electronics
37491B,11.94,Beauty
37491C,11.94,Clothing
84881,16.76,Clothing
21278,12.86,Electronics
21472,14.09,Electronics
90126C,13.62,Electronics
90127A,12.77,Electronics
84466,11.53,Clothing
84247G,10.68,Electronics
84688,14.61,Electronics
21635,11.53,Clothing
37444A,10.65,Clothing
81950V,10.55,Beauty
21307,10.55,Clothing
71143,11.1,Electronics
90125A,14.48,Clothing
90125D,14.48,Clothing
62074B,10.68,Beauty
21518,11.1,Electronics
17090D,11.53,Electronics
22052,10.68,Beauty
21781,25.57,Beauty
84539,11.94,Beauty
84584,12.86,Clothing
44242A,11.06,Clothing
84686,11.06,Beauty
79337,10.64,Beauty
84548,11.94,Electronics
90046,15.32,Clothing
90048,15.32,Beauty
23001,10.25,Beauty
21763,30.75,Beauty
22088,13.27,Clothing
20941,11.53,Clothing
22482,11.53,Clothing
82095,15.33,Beauty
16020C,11.1,Beauty
84857C,12.25,Beauty
75172,11.06,Electronics
84865,13.27,Clothing
20701,14.48,Clothing
84631,17.9,Beauty
20716,11.53,Electronics
84905,15.33,Electronics
90013D,14.5,Electronics
21336,11.92,Beauty
22351,13.62,Clothing
21082,11.92,Beauty
72024U,10.47,Beauty
17014A,10.68,Beauty
90065A,17.17,Electronics
84709B,16.35,Clothing
84415A,11.53,Clothing
47021G,10.65,Electronics
84925D,12.86,Clothing
62086A,12.25,Beauty
18097A,12.86,Beauty
85132B,18.75,Clothing
84809A,12.4,Beauty
84798B,12.86,Clothing
20731,11.53,Electronics
47013C,10.37,Clothing
84597B,11.53,Clothing
84563B,13.27,Beauty
85141,14.3,Beauty
21095,11.12,Clothing
37479B,10.65,Electronics
22788,20.45,Clothing
22783,23.04,Electronics
79071B,13.27,Electronics
90026A,18.96,Clothing
90036D,18.4,Beauty
84877A,13.62,Beauty
77079,12.42,Clothing
23003,10.68,Clothing
85019C,11.53,Electronics
20823,11.06,Electronics
35809A,12.77,Beauty
16043,10.37,Clothing
16052,10.44,Electronics
84415B,11.53,Electronics
47341A,11.53,Clothing
84226,10.91,Clothing
21161,11.74,Electronics
17007B,12.4,Electronics
22519,12.4,Clothing
17013D,10.68,Beauty
90102,11.12,Clothing
21043,14.48,Electronics
21360,14.3,Clothing
90025E,14.07,Electronics
85232A,15.32,Clothing
21399,10.65,Electronics
84800L,12.42,Clothing
79030G,16.18,Beauty
47344B,11.1,Beauty
84313C,12.25,Electronics
90115,12.86,Clothing
90185D,14.5,Clothing
84597C,11.53,Electronics
20703,14.61,Clothing
84873A,27.62,Beauty
90131,17.5,Beauty
84691,10.99,Electronics
21614,13.27,Beauty
85016,10.92,Clothing
84763,11.53,Electronics
90125E,12.4,Electronics
90125C,12.4,Clothing
71215,10.68,Beauty
84917,22.17,Electronics
16151A,11.53,Electronics
16049,10.37,Electronics
20801,11.06,Beauty
85185D,13.27,Electronics
21904,12.4,Clothing
21310,40.95,Electronics
22524,11.53,Beauty
47589,15.84,Electronics
85132A,12.25,Clothing
21421,11.53,Clothing
84596J,10.68,Clothing
62097B,11.1,Clothing
22060,14.3,Clothing
85130A,11.94,Electronics
84706D,12.25,Electronics
84685,14.09,Beauty
22272,13.27,Clothing
62043B,11.1,Beauty
17011F,10.92,Clothing
20826,10.65,Clothing
46126A,11.53,Electronics
17091A,10.64,Clothing
47574B,14.61,Electronics
79026B,10.65,Clothing
90081B,15.32,Clothing
85198,11.12,Beauty
84563A,13.27,Electronics
22520,11.12,Clothing
22518,10.25,Clothing
21195,11.98,Electronics
21527,18.4,Clothing
22451,13.68,Electronics
90035C,21.27,Clothing
84760S,11.74,Electronics
85017C,10.68,Beauty
16244B,12.25,Beauty
22926,16.35,Beauty
22719,12.77,Electronics
21318,13.62,Electronics
21397,11.92,Electronics
21324,13.27,Electronics
82599,12.4,Beauty
22353,12.86,Electronics
84990,10.81,Beauty
84535A,10.92,Electronics
90002D,14.09,Beauty
20964,12.86,Clothing
90040B,14.07,Electronics
90212B,14.07,Clothing
22618,20.45,Electronics
22521,11.12,Clothing
22202,14.09,Clothing
84916,15.32,Electronics
84689,12.3,Electronics
22073,14.09,Electronics
20818,11.53,Clothing
21038,11.06,Clothing
37333,12.25,Clothing
84683,10.92,Clothing
84705C,11.53,Beauty
85144,12.25,Clothing
35241,14.61,Electronics
21656,11.92,Clothing
20803,10.65,Beauty
22198,11.94,Clothing
20816,12.25,Electronics
85145,14.3,Electronics
90062,23.04,Clothing
51020B,10.55,Clothing
51020A,10.55,Electronics
22459,12.4,Electronics
21897,12.86,Beauty
21898,13.48,Electronics
84745B,10.68,Clothing
84741C,12.25,Beauty
84745A,10.68,Beauty
85006,11.12,Electronics
20851,16.35,Electronics
90005A,12.37,Clothing
90021,22.5,Beauty
48189,27.3,Beauty
90135,15.32,Beauty
22259,11.53,Beauty
35909A,13.27,Beauty
20778,11.94,Electronics
90136,20.45,Clothing
20827,10.65,Clothing
17109D,10.64,Electronics
90025B,14.07,Beauty
22861,13.62,Electronics
85205B,15.33,Beauty
22458,13.01,Beauty
84461,12.86,Beauty
21320,12.4,Beauty
84247L,11.1,Beauty
90135A,15.35,Beauty
85027L,12.25,Electronics
47013A,10.37,Electronics
84750B,10.65,Electronics
84575A,12.25,Clothing
21087,10.44,Beauty
16202B,10.76,Clothing
84388,10.65,Beauty
35920,11.53,Clothing
21398,10.65,Clothing
10002,11.12,Beauty
35915C,11.1,Beauty
47556B,12.4,Electronics
85200,11.53,Electronics
84531A,10.65,Electronics
84531B,10.65,Electronics
90104,11.12,Beauty
90181C,19.63,Clothing
22525,11.53,Clothing
90034,20.48,Beauty
16202E,10.76,Electronics
16202A,10.76,Electronics
21911,13.62,Beauty
84799,11.53,Electronics
84462,11.53,Beauty
85186A,10.68,Electronics
84856S,14.16,Electronics
21736,10.65,Clothing
84858C,11.53,Beauty
37487B,10.55,Clothing
37488A,10.65,Electronics
37482P,10.65,Beauty
72051S,10.68,Beauty
84715,13.27,Clothing
85031A,11.53,Electronics
90042A,12.86,Beauty
90035A,21.27,Electronics
22168,18.96,Electronics
84751B,11.06,Electronics
35809B,12.4,Clothing
84839,15.94,Electronics
85064,15.02,Beauty
85040B,11.94,Clothing
90010B,19.42,Clothing
21316,11.06,Clothing
21319,10.65,Clothing
85008,11.79,Beauty
79329,10.64,Beauty
85167B,11.53,Electronics
35922,15.32,Beauty
85030,12.25,Electronics
85028S,12.25,Beauty
85028L,12.25,Clothing
84750A,12.25,Electronics
85146,12.25,Clothing
84459B,11.78,Electronics
20785,51.2,Beauty
20734,11.92,Beauty
84801B,12.4,Beauty
84968B,23.32,Clothing
21333,13.27,Clothing
85063,27.62,Clothing
75131,11.98,Clothing
20681,13.58,Electronics
85017A,11.12,Clothing
20906,13.27,Electronics
84313B,12.25,Beauty
84596E,10.68,Clothing
84218,12.25,Beauty
10123C,10.92,Clothing
84743C,11.53,Beauty
90026B,18.96,Electronics
47570B,18.95,Clothing
90024E,18.78,Clothing
47593A,10.55,Clothing
21827,11.53,Beauty
37444C,10.65,Clothing
37444B,13.27,Clothing
21393,10.65,Electronics
21357,11.53,Clothing
35910A,12.25,Clothing
16010,10.37,Beauty
85188B,11.12,Clothing
21839,15.84,Clothing
22764,35.82,Clothing
84840,18.96,Electronics
84569C,11.53,Electronics
84898F,12.4,Electronics
84678,12.86,Beauty
21460,12.25,Beauty
90036F,18.4,Beauty
22127,11.53,Electronics
85224,12.4,Electronics
35911B,11.1,Clothing
84306,18.75,Clothing
90200C,14.5,Beauty
84569B,12.77,Electronics
21717,12.86,Beauty
37330,10.65,Clothing
21547,13.27,Clothing
21416,14.09,Clothing
21100,14.48,Beauty
22021,11.94,Beauty
77101A,11.53,Beauty
37351,10.65,Electronics
84856L,16.35,Electronics
84977,11.53,Clothing
82605,12.4,Electronics
37423,10.65,Electronics
90068,17.94,Beauty
85206A,11.94,Electronics
21392,10.65,Beauty
21826,11.53,Beauty
85195,12.4,Beauty
85189,11.12,Beauty
21040,5.53,Beauty
84227,10.68,Clothing
85098B,14.09,Electronics
35647,11.53,Clothing
21228,11.53,Electronics
37343,10.65,Electronics
20960,12.77,Beauty
90040A,13.84,Beauty
35004C,15.84,Clothing
62096B,11.53,Beauty
84593,13.27,Beauty
90084,11.12,Electronics
46115B,10.44,Beauty
84520B,11.12,Clothing
21488,18.75,Clothing
84802B,11.98,Electronics
84985A,11.74,Beauty
20820,15.32,Electronics
17001,10.55,Beauty
90187A,13.65,Electronics
84809B,12.4,Beauty
21692,14.09,Electronics
90100,12.86,Electronics
62096A,11.53,Electronics
21661,16.35,Electronics
21414,12.4,Electronics
85065,23.32,Electronics
21681,20.45,Electronics
21651,11.94,Electronics
20854,11.94,Beauty
21657,17.37,Beauty
84562A,18.4,Clothing
85092,11.53,Beauty
21757,15.32,Clothing
20857,11.94,Beauty
16033,10.37,Electronics
22242,11.94,Clothing
21910,11.94,Clothing
90128D,12.77,Clothing
21785,10.92,Electronics
84803A,11.98,Electronics
90152C,16.35,Electronics
79323B,17.17,Clothing
85232B,15.32,Beauty
21655,11.98,Electronics
79323P,17.17,Clothing
72821,11.94,Beauty
44265,14.61,Beauty
90120D,14.61,Electronics
84823,18.4,Clothing
62094B,15.33,Clothing
22833,61.45,Electronics
72798C,11.94,Beauty
84613A,15.02,Clothing
17028J,10.68,Clothing
84795C,18.4,Electronics
21690,14.09,Electronics
22184,18.96,Clothing
85047,16.76,Beauty
85126,17.17,Beauty
21348,12.86,Beauty
22415,18.4,Electronics
16206B,11.53,Electronics
72815,14.09,Beauty
17164B,10.68,Beauty
90120A,14.61,Electronics
90037A,12.79,Clothing
22146,12.25,Beauty
20798,12.4,Clothing
22862,14.61,Clothing
85160A,11.53,Clothing
84534B,11.12,Electronics
21836,14.09,Beauty
85206B,11.94,Clothing
37379A,11.53,Electronics
79323W,17.17,Clothing
85055,13.27,Clothing
21632,18.75,Beauty
35607A,11.92,Clothing
84675,13.27,Clothing
75013B,11.94,Clothing
21667,25.57,Electronics
22830,20.5,Clothing
21594,14.48,Clothing
85018D,12.86,Clothing
85067,29.67,Electronics
35957,11.92,Clothing
90092,11.95,Beauty
22323,12.25,Clothing
17165D,11.33,Clothing
90042C,12.85,Electronics
85023C,12.86,Electronics
21645,11.94,Clothing
85042,15.32,Beauty
21144,10.64,Beauty
21412,10.68,Clothing
79320,15.32,Electronics
22769,62.55,Electronics
84499,11.12,Beauty
90112,11.33,Electronics
20892,36.38,Beauty
21011,11.74,Electronics
85084,11.12,Beauty
79067,18.06,Beauty
16169P,10.68,Electronics
85109,11.12,Electronics
84802A,11.98,Beauty
37464,11.53,Electronics
90142A,15.47,Electronics
21009,11.53,Beauty
21018,11.12,Beauty
90178B,22.5,Clothing
35001W,12.3,Beauty
20910,16.76,Beauty
85031C,15.32,Beauty
21491,12.25,Beauty
85031B,15.32,Beauty
35610A,11.53,Clothing
90060B,16.35,Clothing
90060D,16.35,Beauty
84620,16.35,Clothing
17012E,12.86,Clothing
22218,14.61,Beauty
37503,21.27,Clothing
85136B,18.4,Clothing
20871,14.57,Clothing
21160,13.69,Clothing
21186,13.69,Beauty
35832,13.27,Electronics
90126A,13.69,Clothing
90152B,15.9,Clothing
35610B,11.53,Electronics
35610C,11.53,Clothing
90078,17.94,Clothing
20860,12.4,Beauty
20861,12.4,Beauty
35004P,15.84,Electronics
35609A,12.82,Electronics
22765,40.78,Beauty
20671,11.53,Clothing
21538,14.09,Electronics
90128B,12.82,Electronics
35958,11.12,Electronics
21895,18.93,Beauty
21777,18.4,Electronics
84613C,15.02,Beauty
22145,12.4,Electronics
84975,11.98,Clothing
85068,18.4,Beauty
21769,64.34,Beauty
22528,13.69,Clothing
21410,18.93,Clothing
85119,13.69,Clothing
85170A,12.4,Electronics
47503J,18.4,Clothing
21486,14.57,Beauty
84270,10.47,Beauty
35833G,13.69,Clothing
37509,12.86,Clothing
16169N,10.68,Electronics
35597A,11.53,Electronics
35597B,11.53,Beauty
37474,20.45,Clothing
84963A,54.27,Clothing
90167,11.12,Beauty
20878,11.53,Electronics
47579,12.4,Beauty
84773,13.27,Electronics
37461,11.53,Beauty
72803B,18.93,Clothing
84614A,16.35,Beauty
35271S,10.44,Clothing
21268,10.68,Clothing
22275,18.09,Clothing
16161M,10.68,Electronics
84854,15.32,Beauty
82615,12.86,Clothing
20957,11.74,Beauty
